NMI,METER SERIAL NUMBER,CON/GEN,DATE,ESTIMATED?,00:00 - 00:30,00:30 - 01:00,01:00 - 01:30,01:30 - 02:00,02:00 - 02:30,02:30 - 03:00,03:00 - 03:30,03:30 - 04:00,04:00 - 04:30,04:30 - 05:00,05:00 - 05:30,05:30 - 06:00,06:00 - 06:30,06:30 - 07:00,07:00 - 07:30,07:30 - 08:00,08:00 - 08:30,08:30 - 09:00,09:00 - 09:30,09:30 - 10:00,10:00 - 10:30,10:30 - 11:00,11:00 - 11:30,11:30 - 12:00,12:00 - 12:30,12:30 - 13:00,13:00 - 13:30,13:30 - 14:00,14:00 - 14:30,14:30 - 15:00,15:00 - 15:30,15:30 - 16:00,16:00 - 16:30,16:30 - 17:00,17:00 - 17:30,17:30 - 18:00,18:00 - 18:30,18:30 - 19:00,19:00 - 19:30,19:30 - 20:00,20:00 - 20:30,20:30 - 21:00,21:00 - 21:30,21:30 - 22:00,22:00 - 22:30,22:30 - 23:00,23:00 - 23:30,23:30 - 00:00
,,,,,,,,,,,,,,,,,,,,,,,,,,,,,,,,,,,,,,,,,,,,,,,,,,,,
61026290856,A5808914,Consumption,08/07/2016,No,0.169,0.161,0.237,0.163,0.149,0.247,0.153,0.143,0.255,0.144,0.154,0.224,0.161,0.163,0.199,0.348,0.316,0.785,0.468,0.23,0.517,0.575,0.439,1.132,1.087,0.161,0.686,1.269,1.139,1.337,0.571,0.546,1.028,0.435,1,0.628,0.487,0.446,0.358,0.359,0.364,0.42,0.362,0.352,0.397,0.306,0.349,0.351
,,,,,,,,,,,,,,,,,,,,,,,,,,,,,,,,,,,,,,,,,,,,,,,,,,,,
61026290856,A5808914,Consumption,09/07/2016,No,0.357,0.331,0.347,0.375,0.313,0.368,0.356,0.334,0.333,0.376,0.37,0.31,0.356,0.358,0.322,0.363,0.366,0.374,0.319,0.431,0.418,0.468,0.388,0.326,0.326,0.359,0.317,0.319,0.334,0.316,0.335,0.351,0.314,0.344,0.336,0.335,0.349,0.74,0.813,1.028,0.394,0.234,0.6,1.255,1.027,0.761,0.523,0.414
,,,,,,,,,,,,,,,,,,,,,,,,,,,,,,,,,,,,,,,,,,,,,,,,,,,,
61026290856,A5808914,Consumption,10/07/2016,No,1.221,1.205,0.217,0.148,0.112,0.178,0.103,0.15,0.104,0.248,0.189,0.126,0.136,0.17,0.185,0.259,0.439,0.262,0.086,0.083,0.109,0.332,0.177,0.215,0.162,0.302,0.108,0.139,0.116,0.124,0.123,0.126,0.091,1.447,0.574,0.506,0.663,0.698,1.284,2.101,0.679,0.426,0.327,0.161,0.144,0.127,0.167,0.134
,,,,,,,,,,,,,,,,,,,,,,,,,,,,,,,,,,,,,,,,,,,,,,,,,,,,
61026290856,A5808914,Consumption,11/07/2016,No,0.133,0.164,0.102,0.189,0.192,0.173,0.164,0.144,0.127,0.152,0.122,0.163,0.43,0.171,0.195,0.178,0.326,0.234,0.316,0.373,0.162,0.711,1.567,0.802,0.154,0.156,0.082,0.227,0.096,0.096,0.112,0.082,0.145,0.385,0.328,0.242,0.28,0.243,0.32,0.262,0.216,0.697,0.435,0.209,0.157,0.163,0.133,0.121
,,,,,,,,,,,,,,,,,,,,,,,,,,,,,,,,,,,,,,,,,,,,,,,,,,,,
61026290856,A5808914,Consumption,12/07/2016,No,0.176,0.137,0.106,0.184,0.101,0.152,0.149,0.134,0.129,0.17,0.132,0.121,0.185,0.114,0.148,0.166,0.463,0.352,0.353,0.221,0.16,0.109,0.148,0.29,0.173,0.094,0.082,0.067,0.084,0.062,0.075,0.069,0.071,0.064,0.073,0.087,0.145,0.07,0.066,0.072,0.069,0.038,0.099,0.045,0.063,0.073,0.061,0.065
,,,,,,,,,,,,,,,,,,,,,,,,,,,,,,,,,,,,,,,,,,,,,,,,,,,,
61026290856,A5808914,Consumption,13/07/2016,No,0.041,0.095,0.038,0.068,0.067,0.068,0.039,0.038,0.066,0.062,0.039,0.038,0.089,0.039,0.061,0.038,0.05,0.076,0.038,0.062,0.039,0.094,0.047,0.075,0.059,0.05,0.098,0.041,0.068,0.063,0.075,0.07,0.039,0.069,0.078,0.057,0.064,0.042,0.068,0.068,0.137,0.099,0.05,0.093,0.052,0.067,0.059,0.049
,,,,,,,,,,,,,,,,,,,,,,,,,,,,,,,,,,,,,,,,,,,,,,,,,,,,
61026290856,A5808914,Consumption,14/07/2016,No,0.098,0.039,0.068,0.039,0.094,0.053,0.059,0.06,0.05,0.095,0.039,0.068,0.039,0.082,0.053,0.068,0.043,0.063,0.064,0.154,0.103,0.044,0.069,0.066,0.069,0.039,0.074,0.077,0.063,0.061,0.077,0.072,0.039,0.07,0.065,0.069,0.038,0.07,0.06,0.143,0.104,0.042,0.093,0.068,0.048,0.072,0.062,0.074
,,,,,,,,,,,,,,,,,,,,,,,,,,,,,,,,,,,,,,,,,,,,,,,,,,,,
61026290856,A5808914,Consumption,15/07/2016,No,0.043,0.066,0.085,0.052,0.07,0.04,0.098,0.038,0.071,0.043,0.093,0.053,0.057,0.064,0.072,0.07,0.038,0.07,0.066,0.071,0.043,0.066,0.092,0.049,0.074,0.095,0.237,0.894,0.942,0.683,0.736,0.764,0.321,1.045,0.612,0.517,0.41,0.405,0.319,0.291,0.381,0.342,0.353,0.288,0.346,0.269,0.322,0.281
,,,,,,,,,,,,,,,,,,,,,,,,,,,,,,,,,,,,,,,,,,,,,,,,,,,,
61026290856,A5808914,Consumption,16/07/2016,No,0.319,0.281,0.32,0.283,0.315,0.288,0.299,0.307,0.293,0.297,0.31,0.301,0.269,0.311,0.292,0.32,0.261,0.338,0.281,0.327,0.263,0.32,0.281,0.288,0.28,0.29,0.289,0.253,0.3,0.241,0.373,0.305,0.297,0.291,0.26,0.334,0.259,0.669,0.287,0.492,0.3,0.719,0.342,0.305,0.281,0.323,0.271,0.355
,,,,,,,,,,,,,,,,,,,,,,,,,,,,,,,,,,,,,,,,,,,,,,,,,,,,
61026290856,A5808914,Consumption,17/07/2016,No,0.31,0.248,0.279,0.248,0.259,0.264,0.269,0.232,0.278,0.226,0.252,0.314,0.61,0.278,0.303,0.275,0.457,0.291,0.257,0.298,0.307,0.246,0.322,0.46,0.186,0.217,0.235,0.195,0.232,0.231,0.189,0.276,0.357,0.465,0.379,0.573,1.406,1.953,1.628,1.917,1.453,0.753,1.168,1.246,0.636,0.263,0.212,0.297
,,,,,,,,,,,,,,,,,,,,,,,,,,,,,,,,,,,,,,,,,,,,,,,,,,,,
61026290856,A5808914,Consumption,18/07/2016,No,0.189,0.244,0.238,0.218,0.22,0.246,0.193,0.275,0.306,0.264,0.213,0.248,0.243,0.238,0.277,0.431,0.456,0.262,0.408,0.295,0.26,0.186,0.211,0.192,0.184,0.193,0.244,0.183,0.211,0.16,1.215,1.114,0.288,0.243,0.313,0.272,0.341,0.398,0.432,0.356,0.274,0.25,0.283,0.409,0.303,0.171,0.231,0.171
,,,,,,,,,,,,,,,,,,,,,,,,,,,,,,,,,,,,,,,,,,,,,,,,,,,,
61026290856,A5808914,Consumption,19/07/2016,No,0.192,0.21,0.169,0.228,0.171,0.197,0.2,0.2,0.181,0.312,0.209,0.203,0.213,0.198,0.278,0.282,0.2,0.133,0.127,0.084,0.104,0.383,0.652,0.171,0.053,0.106,0.409,1.146,1.03,0.896,0.057,0.144,0.079,0.248,0.237,0.225,0.22,0.251,0.603,0.281,0.2,0.173,0.182,0.132,0.119,0.145,0.142,0.087
,,,,,,,,,,,,,,,,,,,,,,,,,,,,,,,,,,,,,,,,,,,,,,,,,,,,
61026290856,A5808914,Consumption,20/07/2016,No,0.187,0.099,0.143,0.14,0.126,0.115,0.17,0.1,0.187,0.263,0.223,0.105,0.174,0.115,0.249,0.259,0.52,0.111,0.165,0.142,0.104,0.077,0.116,0.095,0.095,0.054,0.143,0.053,0.083,0.105,0.118,0.057,0.765,0.767,0.437,0.675,1.048,0.781,0.908,0.167,0.202,0.194,0.18,0.571,0.184,0.208,0.158,0.161
,,,,,,,,,,,,,,,,,,,,,,,,,,,,,,,,,,,,,,,,,,,,,,,,,,,,
61026290856,A5808914,Consumption,21/07/2016,No,0.215,0.19,0.122,0.152,0.135,0.26,0.166,0.149,0.126,0.173,0.109,0.17,0.126,0.147,0.271,0.825,0.58,0.167,0.181,0.211,0.129,0.152,0.178,0.148,0.131,0.462,0.561,0.499,0.506,0.616,0.123,0.112,0.119,0.395,0.315,0.802,1.674,0.472,0.712,0.224,0.396,0.519,0.236,0.194,0.207,0.262,0.177,0.167
,,,,,,,,,,,,,,,,,,,,,,,,,,,,,,,,,,,,,,,,,,,,,,,,,,,,
61026290856,A5808914,Consumption,22/07/2016,No,0.148,0.139,0.122,0.165,0.093,0.176,0.098,0.164,0.11,0.133,0.14,0.139,0.108,0.158,0.158,0.94,0.54,1.151,0.889,0.836,0.554,0.231,0.093,0.142,0.109,0.483,0.601,0.635,0.6,0.438,0.25,0.262,0.235,0.37,0.877,0.346,0.346,0.299,0.272,0.348,0.284,0.309,0.291,0.316,0.287,0.327,0.302,0.276
,,,,,,,,,,,,,,,,,,,,,,,,,,,,,,,,,,,,,,,,,,,,,,,,,,,,
61026290856,A5808914,Consumption,23/07/2016,No,0.328,0.305,0.324,0.284,0.356,0.328,0.28,0.358,0.312,0.329,0.29,0.344,0.325,0.307,0.366,0.306,0.328,0.318,0.354,0.325,0.298,0.36,0.315,0.327,0.333,0.303,0.394,0.357,0.331,0.29,0.338,0.322,0.323,0.317,0.409,0.376,0.304,0.362,0.35,0.621,0.356,0.383,0.375,0.363,0.291,0.269,0.318,0.26
,,,,,,,,,,,,,,,,,,,,,,,,,,,,,,,,,,,,,,,,,,,,,,,,,,,,
61026290856,A5808914,Consumption,24/07/2016,No,0.272,0.314,0.268,0.28,0.288,0.256,0.27,0.333,0.257,0.278,0.284,0.292,0.259,0.294,0.316,0.312,0.465,0.612,0.311,0.274,0.316,0.284,0.291,0.288,0.296,0.253,0.277,0.271,0.311,0.328,0.287,0.262,0.285,0.288,0.3,0.575,1.127,1.3,0.473,1.716,1.329,0.643,0.303,0.418,0.317,0.264,0.291,0.507
,,,,,,,,,,,,,,,,,,,,,,,,,,,,,,,,,,,,,,,,,,,,,,,,,,,,
61026290856,A5808914,Consumption,25/07/2016,No,0.337,0.232,0.258,0.238,0.24,0.278,0.224,0.258,0.238,0.255,0.237,0.258,0.22,0.281,0.269,0.882,0.433,0.287,0.35,1.167,1.237,1.107,1.16,1.086,0.166,0.208,0.154,0.129,1.263,0.217,0.124,0.126,0.18,0.192,0.195,0.457,0.836,0.377,0.395,0.214,0.334,0.264,0.286,0.19,0.23,0.202,0.526,0.185
,,,,,,,,,,,,,,,,,,,,,,,,,,,,,,,,,,,,,,,,,,,,,,,,,,,,
61026290856,A5808914,Consumption,26/07/2016,No,0.124,0.193,0.13,0.144,0.174,0.125,0.18,0.136,0.153,0.171,0.14,0.152,0.158,0.147,0.201,0.607,0.301,0.112,0.161,0.09,0.113,0.128,0.189,0.149,0.143,0.132,0.124,0.139,0.664,0.171,0.137,1.062,1.022,1.27,1.229,1.292,0.765,1.211,0.358,0.209,0.242,0.425,0.24,0.214,0.19,0.301,0.218,0.187
,,,,,,,,,,,,,,,,,,,,,,,,,,,,,,,,,,,,,,,,,,,,,,,,,,,,
61026290856,A5808914,Consumption,27/07/2016,No,0.13,0.17,0.154,0.155,0.143,0.125,0.178,0.139,0.156,0.145,0.12,0.171,0.119,0.167,0.351,0.462,0.28,0.174,0.22,0.246,0.206,0.17,0.194,0.65,0.302,0.098,0.169,0.23,0.848,0.56,0.73,0.731,0.854,0.798,0.835,0.355,0.221,0.189,0.225,0.425,0.257,0.279,0.239,0.163,0.138,0.179,0.097,0.25
,,,,,,,,,,,,,,,,,,,,,,,,,,,,,,,,,,,,,,,,,,,,,,,,,,,,
61026290856,A5808914,Consumption,28/07/2016,No,0.162,0.19,0.099,0.197,0.096,0.188,0.111,0.151,0.142,0.117,0.169,0.18,0.197,0.159,0.379,0.618,0.435,0.201,0.188,0.346,0.697,0.808,0.753,0.784,0.083,0.152,0.11,0.116,0.609,0.347,0.134,0.178,0.166,0.434,0.128,0.525,0.242,0.247,0.231,0.267,0.858,0.248,0.221,0.201,0.156,0.138,0.164,0.102
,,,,,,,,,,,,,,,,,,,,,,,,,,,,,,,,,,,,,,,,,,,,,,,,,,,,
61026290856,A5808914,Consumption,29/07/2016,No,0.184,0.111,0.24,0.177,0.138,0.182,0.105,0.179,0.134,0.132,0.172,0.117,0.176,0.113,0.448,0.82,0.602,0.625,0.498,0.525,0.272,0.156,0.08,0.563,0.503,0.595,0.545,0.459,0.722,0.258,0.363,0.398,0.396,0.838,1.174,1.155,1.195,0.427,0.402,0.319,0.361,0.331,0.316,0.304,0.333,0.302,0.288,0.341
,,,,,,,,,,,,,,,,,,,,,,,,,,,,,,,,,,,,,,,,,,,,,,,,,,,,
61026290856,A5808914,Consumption,30/07/2016,No,0.295,0.29,0.35,0.291,0.309,0.319,0.307,0.279,0.367,0.27,0.326,0.316,0.324,0.273,0.346,0.279,0.31,0.372,0.305,0.305,0.294,0.419,0.348,0.308,0.323,0.304,0.273,0.34,0.266,0.317,0.295,0.313,0.277,0.372,0.277,0.291,0.381,0.432,0.369,0.292,0.355,0.298,0.314,0.295,0.312,0.284,0.353,0.235
,,,,,,,,,,,,,,,,,,,,,,,,,,,,,,,,,,,,,,,,,,,,,,,,,,,,
61026290856,A5808914,Consumption,31/07/2016,No,0.229,0.279,0.213,0.24,0.255,0.254,0.21,0.288,0.199,0.23,0.263,0.218,0.31,0.306,0.246,0.264,0.392,0.435,0.272,0.699,0.359,0.242,0.22,0.226,1.231,1.204,0.676,0.194,1.471,1.592,0.816,1.381,0.191,0.436,0.37,0.329,0.556,0.555,0.419,1.055,2.027,1.467,0.894,0.325,0.243,0.254,0.213,0.315
,,,,,,,,,,,,,,,,,,,,,,,,,,,,,,,,,,,,,,,,,,,,,,,,,,,,
61026290856,A5808914,Consumption,01/08/2016,No,0.295,0.196,0.263,0.227,0.194,0.286,0.181,0.259,0.223,0.229,0.249,0.219,0.221,0.233,0.264,0.522,0.489,0.183,0.235,0.124,0.154,0.197,0.258,0.995,1.03,0.556,0.084,0.122,0.06,0.193,0.145,0.479,0.865,0.209,0.211,0.227,0.832,0.707,0.246,0.244,0.181,0.255,0.129,0.199,0.159,0.129,0.141,0.145
,,,,,,,,,,,,,,,,,,,,,,,,,,,,,,,,,,,,,,,,,,,,,,,,,,,,
61026290856,A5808914,Consumption,02/08/2016,No,0.136,0.121,0.174,0.106,0.165,0.138,0.126,0.143,0.148,0.132,0.124,0.188,0.105,0.151,0.33,0.228,0.2,0.189,0.172,0.165,0.201,0.121,0.278,0.139,0.258,0.208,0.101,0.105,0.121,0.126,0.151,0.442,0.133,0.142,0.226,0.154,0.499,0.904,0.298,0.174,0.233,0.168,0.204,0.463,0.164,0.125,0.128,0.147
,,,,,,,,,,,,,,,,,,,,,,,,,,,,,,,,,,,,,,,,,,,,,,,,,,,,
61026290856,A5808914,Consumption,03/08/2016,No,0.109,0.162,0.11,0.168,0.112,0.154,0.128,0.121,0.16,0.108,0.174,0.113,0.161,0.126,0.499,0.526,0.36,0.184,0.732,0.808,0.79,0.138,0.102,0.172,0.102,0.181,0.225,0.131,0.214,0.165,0.147,0.838,0.432,0.204,1.106,0.3,0.314,0.335,0.327,0.294,0.22,0.234,0.215,0.223,0.138,0.153,0.224,0.163
,,,,,,,,,,,,,,,,,,,,,,,,,,,,,,,,,,,,,,,,,,,,,,,,,,,,
61026290856,A5808914,Consumption,04/08/2016,No,0.161,0.151,0.265,0.21,0.135,0.182,0.18,0.164,0.163,0.136,0.217,0.153,0.141,0.174,0.308,0.825,0.196,0.545,1.347,1.125,0.494,0.11,0.155,0.261,0.09,0.126,0.112,0.115,0.119,0.178,0.242,0.169,0.189,0.382,0.297,0.234,0.253,1.012,0.567,0.925,0.24,0.266,0.245,0.241,0.178,0.166,0.223,0.182
,,,,,,,,,,,,,,,,,,,,,,,,,,,,,,,,,,,,,,,,,,,,,,,,,,,,
61026290856,A5808914,Consumption,05/08/2016,No,0.16,0.125,0.193,0.131,0.128,0.159,0.143,0.118,0.118,0.15,0.124,0.148,0.12,0.171,0.472,0.367,0.387,0.165,0.232,0.217,0.184,0.201,0.165,0.186,0.484,0.668,0.672,0.447,0.637,0.521,0.658,0.322,0.449,1.072,1.236,0.382,0.428,0.402,0.304,0.321,0.296,0.301,0.371,0.274,0.306,0.35,0.301,0.325
,,,,,,,,,,,,,,,,,,,,,,,,,,,,,,,,,,,,,,,,,,,,,,,,,,,,
61026290856,A5808914,Consumption,06/08/2016,No,0.288,0.379,0.284,0.304,0.332,0.319,0.321,0.293,0.348,0.313,0.375,0.367,0.338,0.32,0.297,0.311,0.335,0.278,0.318,0.338,0.315,0.285,0.35,0.294,0.271,0.365,0.295,0.307,0.307,0.367,0.363,0.272,0.318,0.297,0.295,0.305,0.305,0.34,1.022,1.002,0.764,0.328,0.377,0.259,0.258,0.278,0.249,0.259
,,,,,,,,,,,,,,,,,,,,,,,,,,,,,,,,,,,,,,,,,,,,,,,,,,,,
61026290856,A5808914,Consumption,07/08/2016,No,0.225,0.283,0.225,0.204,0.337,0.305,0.275,0.242,0.286,0.22,0.251,0.257,0.239,0.271,0.25,0.378,0.247,0.271,0.349,0.611,0.939,1.119,0.578,0.225,0.156,0.854,1.25,0.515,0.169,0.165,0.202,0.221,0.432,0.167,0.255,0.615,1.314,0.882,0.2,0.264,0.197,0.187,0.24,0.135,0.158,0.253,0.191,0.169
,,,,,,,,,,,,,,,,,,,,,,,,,,,,,,,,,,,,,,,,,,,,,,,,,,,,
61026290856,A5808914,Consumption,08/08/2016,No,0.164,0.181,0.124,0.221,0.132,0.156,0.199,0.134,0.174,0.179,0.163,0.149,0.172,0.209,0.321,0.568,0.485,0.165,0.201,0.136,0.828,1.53,0.833,0.365,0.301,0.151,0.131,0.094,0.507,0.458,0.324,0.345,0.393,0.419,0.222,0.172,0.203,0.592,0.27,0.274,0.284,0.265,0.176,0.247,0.152,0.202,0.188,0.169
,,,,,,,,,,,,,,,,,,,,,,,,,,,,,,,,,,,,,,,,,,,,,,,,,,,,
61026290856,A5808914,Consumption,09/08/2016,No,0.116,0.197,0.119,0.141,0.17,0.134,0.129,0.17,0.14,0.109,0.198,0.107,0.148,0.152,0.198,0.614,0.47,0.154,0.251,0.131,0.156,0.092,0.118,0.101,1.055,0.729,0.351,0.21,0.417,0.199,0.93,0.856,0.597,0.468,0.575,0.252,0.732,0.927,0.262,0.191,0.251,0.383,0.322,0.255,0.128,0.168,0.097,0.161
,,,,,,,,,,,,,,,,,,,,,,,,,,,,,,,,,,,,,,,,,,,,,,,,,,,,
61026290856,A5808914,Consumption,10/08/2016,No,0.09,0.16,0.112,0.139,0.133,0.126,0.14,0.099,0.152,0.13,0.139,0.127,0.145,0.116,0.311,0.525,1.065,0.494,0.479,0.233,0.124,0.293,0.139,0.171,0.454,0.114,0.073,0.145,0.073,0.108,0.478,0.149,0.15,0.674,0.542,0.245,0.475,0.286,0.333,0.519,0.701,1.033,0.378,0.174,0.132,0.216,0.145,0.149
,,,,,,,,,,,,,,,,,,,,,,,,,,,,,,,,,,,,,,,,,,,,,,,,,,,,
61026290856,A5808914,Consumption,11/08/2016,No,0.172,0.137,0.139,0.141,0.177,0.114,0.159,0.152,0.207,0.169,0.182,0.15,0.131,0.175,0.648,0.485,0.215,0.166,0.213,0.15,0.177,0.233,0.189,0.131,0.175,0.112,0.231,0.167,0.172,0.116,0.345,0.085,0.751,0.167,0.233,0.409,0.684,0.561,0.262,0.135,0.219,0.425,0.111,0.187,0.107,0.147,0.098,0.169
,,,,,,,,,,,,,,,,,,,,,,,,,,,,,,,,,,,,,,,,,,,,,,,,,,,,
61026290856,A5808914,Consumption,12/08/2016,No,0.175,0.118,0.099,0.14,0.114,0.11,0.125,0.135,0.088,0.173,0.118,0.141,0.119,0.148,0.471,0.76,0.422,0.097,0.197,0.1,0.791,0.357,0.578,0.586,0.493,0.394,0.665,0.653,1.12,1.163,1.051,0.533,0.528,0.975,0.531,0.757,0.691,0.472,0.545,0.484,0.471,0.449,0.454,0.418,0.49,0.403,0.464,0.408
,,,,,,,,,,,,,,,,,,,,,,,,,,,,,,,,,,,,,,,,,,,,,,,,,,,,
61026290856,A5808914,Consumption,13/08/2016,No,0.458,0.447,0.437,0.391,0.448,0.443,0.417,0.479,0.419,0.408,0.468,0.419,0.472,0.405,0.407,0.522,0.489,0.478,0.369,0.494,0.415,0.479,0.392,0.428,0.433,0.401,0.424,0.398,0.5,0.465,0.43,0.472,0.432,0.367,0.465,0.439,0.542,0.575,0.311,0.786,0.897,1.059,0.404,0.277,0.262,0.269,0.221,0.254
,,,,,,,,,,,,,,,,,,,,,,,,,,,,,,,,,,,,,,,,,,,,,,,,,,,,
61026290856,A5808914,Consumption,14/08/2016,No,0.221,0.25,0.241,0.271,0.207,0.321,0.279,0.262,0.237,0.266,0.223,0.252,0.251,0.219,0.309,0.473,0.302,0.3,0.311,0.507,0.569,0.356,0.34,0.307,0.276,0.233,0.257,0.159,0.209,0.118,0.515,0.653,0.381,0.573,0.568,0.477,0.304,0.491,1.402,1.33,0.42,0.314,1.552,1.179,0.561,0.144,0.124,0.181
,,,,,,,,,,,,,,,,,,,,,,,,,,,,,,,,,,,,,,,,,,,,,,,,,,,,
61026290856,A5808914,Consumption,15/08/2016,No,0.092,0.176,0.122,0.104,0.176,0.106,0.151,0.208,0.193,0.099,0.179,0.115,0.216,0.2,0.127,1.268,1.516,0.597,1.189,0.596,0.2,0.675,1.416,0.972,0.132,0.632,0.531,0.124,0.132,0.065,0.116,0.056,0.101,0.09,0.153,0.167,0.175,0.197,0.264,0.199,0.21,0.194,0.207,0.184,0.138,0.145,0.102,0.167
,,,,,,,,,,,,,,,,,,,,,,,,,,,,,,,,,,,,,,,,,,,,,,,,,,,,
61026290856,A5808914,Consumption,16/08/2016,No,0.145,0.205,0.145,0.154,0.132,0.154,0.12,0.155,0.133,0.137,0.139,0.141,0.145,0.137,0.382,0.331,0.206,0.148,0.46,0.091,0.121,0.058,0.11,0.062,0.076,0.055,0.072,0.06,0.068,0.062,0.068,0.062,0.072,0.057,0.087,0.07,0.169,0.299,0.269,0.207,0.239,0.196,0.23,0.179,0.274,0.192,0.262,0.177
,,,,,,,,,,,,,,,,,,,,,,,,,,,,,,,,,,,,,,,,,,,,,,,,,,,,
61026290856,A5808914,Consumption,17/08/2016,No,0.241,0.159,0.183,0.13,0.162,0.125,0.166,0.138,0.163,0.128,0.152,0.153,0.129,0.183,0.136,0.235,0.149,0.475,0.307,0.158,0.868,0.861,0.505,0.132,0.048,0.096,0.138,0.129,0.04,0.104,0.037,0.191,0.032,0.106,0.045,0.119,0.059,0.177,0.151,0.22,0.174,0.198,0.212,0.162,0.168,0.127,0.182,0.116
,,,,,,,,,,,,,,,,,,,,,,,,,,,,,,,,,,,,,,,,,,,,,,,,,,,,
61026290856,A5808914,Consumption,18/08/2016,No,0.198,0.116,0.189,0.122,0.176,0.137,0.156,0.157,0.147,0.164,0.138,0.17,0.15,0.179,0.184,0.577,0.183,0.127,0.124,0.142,0.103,0.208,0.12,0.089,0.115,0.077,0.123,0.082,0.098,0.102,0.077,0.123,0.077,0.121,0.172,0.159,0.123,0.114,0.109,0.127,0.149,0.272,0.197,0.176,0.229,0.151,0.229,0.162
,,,,,,,,,,,,,,,,,,,,,,,,,,,,,,,,,,,,,,,,,,,,,,,,,,,,
61026290856,A5808914,Consumption,19/08/2016,No,0.538,0.148,0.161,0.142,0.164,0.116,0.189,0.195,0.208,0.141,0.156,0.161,0.166,0.169,0.198,0.34,0.361,0.115,0.17,0.089,0.16,0.09,0.149,0.101,0.355,0.431,0.151,0.175,0.165,0.229,0.172,0.228,0.22,0.111,0.144,0.095,0.143,0.098,0.135,0.104,0.132,0.216,0.141,0.147,0.129,0.146,0.23,0.186
,,,,,,,,,,,,,,,,,,,,,,,,,,,,,,,,,,,,,,,,,,,,,,,,,,,,
61026290856,A5808914,Consumption,20/08/2016,No,0.149,0.157,0.142,0.169,0.125,0.172,0.132,0.181,0.133,0.177,0.137,0.156,0.158,0.168,0.148,0.164,0.137,0.171,0.148,0.158,0.153,0.126,0.179,0.126,0.172,0.133,0.139,0.153,0.135,0.159,0.133,0.151,0.127,0.133,0.158,0.113,0.179,0.113,0.19,0.217,0.167,0.171,0.212,0.153,0.211,0.145,0.211,0.146
,,,,,,,,,,,,,,,,,,,,,,,,,,,,,,,,,,,,,,,,,,,,,,,,,,,,
61026290856,A5808914,Consumption,21/08/2016,No,0.191,0.166,0.113,0.097,0.105,0.077,0.13,0.068,0.133,0.064,0.117,0.092,0.104,0.147,0.167,0.154,0.133,0.071,0.144,0.085,0.113,0.144,0.211,0.168,0.137,0.117,0.135,0.083,0.166,0.082,0.127,0.188,0.168,0.118,0.153,1.066,1.102,0.464,0.151,0.146,0.169,0.148,0.132,0.171,0.125,0.134,0.156,0.154
,,,,,,,,,,,,,,,,,,,,,,,,,,,,,,,,,,,,,,,,,,,,,,,,,,,,
61026290856,A5808914,Consumption,22/08/2016,No,0.248,0.195,0.086,0.143,0.077,0.104,0.106,0.105,0.081,0.13,0.075,0.134,0.089,0.107,0.098,0.129,0.071,0.124,0.254,0.151,0.154,0.789,0.377,0.139,0.05,0.114,0.261,0.235,0.099,0.166,0.096,0.132,0.12,0.127,0.084,0.164,0.097,0.123,0.107,0.158,0.098,0.188,0.211,0.365,0.411,0.327,0.141,0.138
,,,,,,,,,,,,,,,,,,,,,,,,,,,,,,,,,,,,,,,,,,,,,,,,,,,,
61026290856,A5808914,Consumption,23/08/2016,No,0.141,0.131,0.117,0.156,0.117,0.133,0.151,0.122,0.117,0.164,0.125,0.116,0.168,0.118,0.133,0.116,0.151,0.108,0.255,0.192,0.184,0.189,0.167,0.071,0.131,0.083,0.067,0.101,0.072,0.067,0.096,0.075,0.051,0.173,0.206,0.167,0.884,1.416,1.208,0.258,0.192,0.088,0.095,0.117,0.107,0.086,0.157,0.087
,,,,,,,,,,,,,,,,,,,,,,,,,,,,,,,,,,,,,,,,,,,,,,,,,,,,
61026290856,A5808914,Consumption,24/08/2016,No,0.123,0.12,0.125,0.094,0.16,0.098,0.12,0.127,0.106,0.095,0.104,0.123,0.133,0.091,0.137,0.095,0.125,0.104,0.133,0.124,0.122,0.177,0.161,0.119,0.138,0.082,0.111,0.101,0.091,0.086,0.106,0.099,0.057,0.134,0.084,0.107,0.114,0.112,0.085,0.138,0.09,0.122,0.086,0.158,0.087,0.122,0.123,0.123
,,,,,,,,,,,,,,,,,,,,,,,,,,,,,,,,,,,,,,,,,,,,,,,,,,,,
61026290856,A5808914,Consumption,25/08/2016,No,0.087,0.17,0.093,0.123,0.131,0.133,0.094,0.152,0.11,0.132,0.103,0.158,0.105,0.121,0.24,0.154,0.108,0.156,0.105,0.135,0.087,0.22,0.135,0.124,0.091,0.129,0.063,0.121,0.075,0.085,0.111,0.081,0.082,0.115,0.082,0.104,0.118,0.107,0.085,0.156,0.086,0.113,0.115,0.121,0.087,0.157,0.09,0.129
,,,,,,,,,,,,,,,,,,,,,,,,,,,,,,,,,,,,,,,,,,,,,,,,,,,,
61026290856,A5808914,Consumption,26/08/2016,No,0.123,0.127,0.088,0.153,0.109,0.123,0.122,0.14,0.088,0.149,0.114,0.19,0.171,0.124,0.131,0.105,0.142,0.113,0.105,0.112,0.131,0.114,0.082,0.159,0.074,0.129,0.11,0.11,0.076,0.145,0.073,0.099,0.109,0.108,0.069,0.148,0.066,0.118,0.116,0.109,0.075,0.153,0.082,0.118,0.11,0.224,0.11,0.111
,,,,,,,,,,,,,,,,,,,,,,,,,,,,,,,,,,,,,,,,,,,,,,,,,,,,
61026290856,A5808914,Consumption,27/08/2016,No,0.113,0.118,0.084,0.184,0.173,0.133,0.123,0.114,0.102,0.135,0.101,0.113,0.127,0.103,0.125,0.122,0.106,0.103,0.13,0.083,0.111,0.127,0.099,0.081,0.132,0.068,0.11,0.07,0.096,0.082,0.099,0.051,0.129,0.053,0.107,0.1,0.106,0.065,0.141,0.075,0.108,0.129,0.107,0.095,0.188,0.149,0.114,0.134
,,,,,,,,,,,,,,,,,,,,,,,,,,,,,,,,,,,,,,,,,,,,,,,,,,,,
61026290856,A5808914,Consumption,28/08/2016,No,0.099,0.115,0.127,0.125,0.083,0.156,0.083,0.121,0.127,0.127,0.083,0.156,0.086,0.133,0.118,0.121,0.082,0.156,0.082,0.123,0.169,0.154,0.052,0.096,0.061,0.064,0.078,0.063,0.054,0.089,0.047,0.095,0.054,0.059,0.083,0.131,0.112,0.063,0.075,0.052,0.087,0.045,0.11,0.082,0.101,0.11,0.112,0.081
,,,,,,,,,,,,,,,,,,,,,,,,,,,,,,,,,,,,,,,,,,,,,,,,,,,,
61026290856,A5808914,Consumption,29/08/2016,No,0.139,0.085,0.121,0.107,0.118,0.083,0.156,0.085,0.122,0.117,0.135,0.088,0.145,0.096,0.137,0.088,0.152,0.083,0.12,0.117,0.109,0.066,0.131,0.058,0.093,0.098,0.093,0.085,0.174,0.119,0.096,0.099,0.074,0.12,0.083,0.082,0.111,0.062,0.105,0.16,0.137,0.057,0.13,0.055,0.106,0.092,0.107,0.098
,,,,,,,,,,,,,,,,,,,,,,,,,,,,,,,,,,,,,,,,,,,,,,,,,,,,
61026290856,A5808914,Consumption,30/08/2016,No,0.11,0.095,0.114,0.11,0.084,0.136,0.098,0.095,0.126,0.112,0.078,0.14,0.09,0.105,0.115,0.111,0.101,0.114,0.139,0.141,0.139,0.11,0.085,0.129,0.084,0.118,0.159,0.079,0.047,0.122,0.031,0.1,0.069,0.086,0.063,0.115,0.051,0.096,0.072,0.082,0.059,0.109,0.05,0.088,0.08,0.094,0.063,0.105
,,,,,,,,,,,,,,,,,,,,,,,,,,,,,,,,,,,,,,,,,,,,,,,,,,,,
61026290856,A5808914,Consumption,31/08/2016,No,0.049,0.102,0.078,0.084,0.075,0.107,0.046,0.193,0.123,0.056,0.143,0.045,0.089,0.149,0.148,0.06,0.11,0.06,0.073,0.068,0.074,0.063,0.124,0.044,0.103,0.04,0.072,0.074,0.071,0.056,0.089,0.037,0.105,0.036,0.07,0.084,0.11,0.096,0.125,0.083,0.164,0.084,0.126,0.121,0.127,0.085,0.224,0.156
,,,,,,,,,,,,,,,,,,,,,,,,,,,,,,,,,,,,,,,,,,,,,,,,,,,,
61026290856,A5808914,Consumption,01/09/2016,No,0.087,0.173,0.101,0.123,0.133,0.108,0.133,0.128,0.097,0.135,0.124,0.126,0.107,0.153,0.106,0.118,0.141,0.11,0.119,0.122,0.112,0.084,0.136,0.085,0.104,0.116,0.108,0.079,0.144,0.077,0.109,0.17,0.166,0.079,0.166,0.185,0.12,0.141,0.109,0.118,0.12,0.132,0.099,0.158,0.087,0.137,0.122,0.125
,,,,,,,,,,,,,,,,,,,,,,,,,,,,,,,,,,,,,,,,,,,,,,,,,,,,
61026290856,A5808914,Consumption,02/09/2016,No,0.099,0.153,0.1,0.118,0.14,0.116,0.113,0.15,0.11,0.121,0.152,0.117,0.108,0.154,0.118,0.115,0.132,0.129,0.103,0.139,0.12,0.111,0.099,0.134,0.067,0.184,0.127,0.077,0.128,0.063,0.099,0.091,0.098,0.067,0.139,0.072,0.11,0.099,0.113,0.09,0.126,0.095,0.107,0.1,0.126,0.082,0.13,0.097
,,,,,,,,,,,,,,,,,,,,,,,,,,,,,,,,,,,,,,,,,,,,,,,,,,,,
61026290856,A5808914,Consumption,03/09/2016,No,0.121,0.094,0.133,0.084,0.131,0.179,0.168,0.084,0.148,0.095,0.122,0.116,0.12,0.086,0.156,0.083,0.128,0.121,0.182,0.156,0.114,0.127,0.075,0.124,0.075,0.089,0.108,0.07,0.119,0.068,0.093,0.096,0.095,0.056,0.133,0.055,0.117,0.097,0.109,0.07,0.143,0.082,0.109,0.113,0.103,0.094,0.126,0.099
,,,,,,,,,,,,,,,,,,,,,,,,,,,,,,,,,,,,,,,,,,,,,,,,,,,,
61026290856,A5808914,Consumption,04/09/2016,No,0.104,0.123,0.101,0.109,0.132,0.106,0.097,0.132,0.118,0.177,0.171,0.098,0.114,0.154,0.103,0.122,0.121,0.118,0.075,0.179,0.048,0.1,0.062,0.092,0.035,0.098,0.05,0.063,0.104,0.149,0.07,0.071,0.1,0.055,0.082,0.086,0.066,0.082,0.085,0.065,0.09,0.076,0.067,0.1,0.079,0.148,0.144,0.071
,,,,,,,,,,,,,,,,,,,,,,,,,,,,,,,,,,,,,,,,,,,,,,,,,,,,
61026290856,A5808914,Consumption,05/09/2016,No,0.079,0.091,0.085,0.051,0.133,0.045,0.087,0.08,0.087,0.059,0.122,0.045,0.089,0.093,0.086,0.045,0.121,0.045,0.086,0.068,0.074,0.032,0.108,0.03,0.084,0.058,0.076,0.049,0.095,0.032,0.104,0.043,0.078,0.065,0.079,0.03,0.153,0.106,0.042,0.107,0.037,0.097,0.101,0.112,0.083,0.116,0.092,0.091
,,,,,,,,,,,,,,,,,,,,,,,,,,,,,,,,,,,,,,,,,,,,,,,,,,,,
61026290856,A5808914,Consumption,06/09/2016,No,0.126,0.096,0.093,0.166,0.141,0.114,0.09,0.139,0.084,0.124,0.101,0.122,0.108,0.126,0.075,0.145,0.094,0.107,0.124,0.103,0.073,0.108,0.086,0.078,0.126,0.075,0.11,0.184,0.129,0.09,0.13,0.059,0.146,0.064,0.123,0.086,0.093,0.105,0.092,0.068,0.128,0.069,0.091,0.105,0.091,0.072,0.123,0.069
,,,,,,,,,,,,,,,,,,,,,,,,,,,,,,,,,,,,,,,,,,,,,,,,,,,,
61026290856,A5808914,Consumption,07/09/2016,No,0.1,0.094,0.092,0.071,0.137,0.073,0.139,0.095,0.113,0.105,0.132,0.087,0.132,0.104,0.126,0.149,0.183,0.117,0.105,0.122,0.087,0.077,0.2,0.118,0.107,0.094,0.105,0.061,0.143,0.054,0.149,0.054,0.125,0.077,0.103,0.09,0.101,0.058,0.128,0.053,0.122,0.064,0.098,0.088,0.095,0.058,0.128,0.057
,,,,,,,,,,,,,,,,,,,,,,,,,,,,,,,,,,,,,,,,,,,,,,,,,,,,
61026290856,A5808914,Consumption,08/09/2016,No,0.112,0.073,0.14,0.156,0.075,0.099,0.089,0.098,0.069,0.144,0.076,0.102,0.117,0.098,0.089,0.124,0.085,0.084,0.106,0.076,0.087,0.101,0.083,0.097,0.098,0.076,0.128,0.076,0.097,0.108,0.09,0.111,0.08,0.089,0.106,0.156,0.169,0.139,0.132,0.07,0.125,0.071,0.122,0.077,0.089,0.106,0.074,0.119
,,,,,,,,,,,,,,,,,,,,,,,,,,,,,,,,,,,,,,,,,,,,,,,,,,,,
61026290856,A5808914,Consumption,09/09/2016,No,0.072,0.097,0.095,0.084,0.108,0.084,0.082,0.11,0.074,0.113,0.079,0.081,0.11,0.081,0.091,0.099,0.071,0.106,0.053,0.062,0.083,0.09,0.127,0.104,0.053,0.106,0.083,0.069,0.115,0.061,0.087,0.089,0.088,0.063,0.114,0.049,0.109,0.066,0.092,0.069,0.104,0.046,0.114,0.06,0.089,0.079,0.105,0.073
,,,,,,,,,,,,,,,,,,,,,,,,,,,,,,,,,,,,,,,,,,,,,,,,,,,,
61026290856,A5808914,Consumption,10/09/2016,No,0.121,0.089,0.099,0.083,0.2,0.107,0.096,0.105,0.096,0.073,0.19,0.123,0.106,0.124,0.083,0.131,0.088,0.111,0.099,0.115,0.075,0.133,0.074,0.108,0.095,0.102,0.062,0.136,0.049,0.1,0.086,0.084,0.111,0.198,0.122,0.159,0.136,0.137,0.119,0.158,0.098,0.155,0.099,0.134,0.128,0.135,0.087,0.174
,,,,,,,,,,,,,,,,,,,,,,,,,,,,,,,,,,,,,,,,,,,,,,,,,,,,
61026290856,A5808914,Consumption,11/09/2016,No,0.097,0.183,0.203,0.099,0.145,0.13,0.12,0.13,0.143,0.12,0.129,0.13,0.114,0.157,0.118,0.117,0.13,0.114,0.085,0.205,0.132,0.115,0.084,0.135,0.051,0.132,0.049,0.115,0.07,0.075,0.066,0.079,0.054,0.149,0.328,0.303,0.674,0.667,0.246,0.252,0.53,0.253,0.138,0.132,0.11,0.101,0.135,0.097
,,,,,,,,,,,,,,,,,,,,,,,,,,,,,,,,,,,,,,,,,,,,,,,,,,,,
61026290856,A5808914,Consumption,12/09/2016,No,0.081,0.151,0.076,0.126,0.112,0.117,0.094,0.138,0.085,0.146,0.088,0.116,0.119,0.129,0.214,0.357,0.175,0.149,0.111,0.165,0.116,0.17,0.37,0.248,0.165,0.083,0.116,0.14,0.127,0.078,0.144,0.087,0.252,0.335,0.955,0.473,0.271,0.227,0.19,0.259,0.2,0.222,0.213,0.237,0.149,0.18,0.172,0.158
,,,,,,,,,,,,,,,,,,,,,,,,,,,,,,,,,,,,,,,,,,,,,,,,,,,,
61026290856,A5808914,Consumption,13/09/2016,No,0.166,0.184,0.131,0.209,0.138,0.161,0.229,0.205,0.146,0.16,0.164,0.155,0.167,0.168,0.448,0.306,0.183,0.208,0.177,0.148,0.163,0.126,0.181,0.251,0.158,0.351,0.212,0.129,0.749,0.498,0.652,0.524,0.229,0.211,0.216,0.442,0.714,1.16,1.501,0.908,0.743,0.182,0.184,0.251,0.175,0.17,0.121,0.175
,,,,,,,,,,,,,,,,,,,,,,,,,,,,,,,,,,,,,,,,,,,,,,,,,,,,
61026290856,A5808914,Consumption,14/09/2016,No,0.106,0.16,0.132,0.121,0.186,0.1,0.173,0.114,0.123,0.162,0.095,0.158,0.136,0.159,0.205,0.508,0.148,0.602,0.525,0.141,0.154,0.104,0.186,0.055,0.118,0.05,0.646,0.576,0.419,0.187,0.46,0.425,0.188,1.164,1.192,0.54,0.407,0.604,0.304,0.204,0.248,0.169,0.212,0.169,0.161,0.156,0.153,0.111
,,,,,,,,,,,,,,,,,,,,,,,,,,,,,,,,,,,,,,,,,,,,,,,,,,,,
61026290856,A5808914,Consumption,15/09/2016,No,0.176,0.112,0.211,0.186,0.169,0.146,0.157,0.14,0.164,0.119,0.187,0.117,0.157,0.157,0.338,0.223,0.209,0.201,0.298,0.22,0.228,0.233,0.131,0.154,0.096,0.202,0.11,0.109,0.108,0.081,0.149,0.08,0.362,0.34,0.245,0.301,0.261,0.808,0.404,0.317,0.297,0.324,0.323,0.197,0.12,0.224,0.124,0.186
,,,,,,,,,,,,,,,,,,,,,,,,,,,,,,,,,,,,,,,,,,,,,,,,,,,,
61026290856,A5808914,Consumption,16/09/2016,No,0.133,0.134,0.171,0.116,0.173,0.131,0.161,0.134,0.145,0.135,0.14,0.162,0.126,0.187,0.131,0.194,0.358,0.758,0.591,0.368,0.197,0.101,0.14,0.12,0.183,0.638,0.728,0.681,0.873,1.227,1.514,1.409,0.183,0.185,0.227,0.804,0.552,0.402,0.44,0.315,0.246,0.252,0.259,0.329,0.246,0.292,0.284,0.25
,,,,,,,,,,,,,,,,,,,,,,,,,,,,,,,,,,,,,,,,,,,,,,,,,,,,
61026290856,A5808914,Consumption,17/09/2016,No,0.288,0.273,0.278,0.293,0.283,0.265,0.282,0.259,0.277,0.289,0.277,0.306,0.238,0.307,0.269,0.266,0.385,0.293,0.33,0.28,0.265,0.364,0.257,0.241,0.264,0.234,0.248,0.234,0.257,0.229,0.251,0.238,0.229,0.258,0.238,0.24,0.256,0.345,0.42,0.469,0.251,0.226,0.265,0.179,0.241,0.17,0.201,0.198
,,,,,,,,,,,,,,,,,,,,,,,,,,,,,,,,,,,,,,,,,,,,,,,,,,,,
61026290856,A5808914,Consumption,18/09/2016,No,0.16,0.221,0.155,0.221,0.185,0.191,0.207,0.207,0.275,0.229,0.245,0.285,0.171,0.257,0.206,0.221,0.227,0.218,0.303,0.257,0.265,0.284,0.316,1.443,1.412,0.758,0.568,1.418,0.972,0.231,0.284,0.205,1.275,2.576,0.522,0.304,0.234,0.333,0.347,0.327,0.269,0.295,0.609,0.192,0.256,0.187,0.286,0.283
,,,,,,,,,,,,,,,,,,,,,,,,,,,,,,,,,,,,,,,,,,,,,,,,,,,,
61026290856,A5808914,Consumption,19/09/2016,No,0.203,0.233,0.228,0.186,0.33,0.248,0.219,0.215,0.215,0.215,0.211,0.243,0.201,0.249,0.203,0.516,0.946,1.27,0.948,0.633,1.297,0.631,0.286,1.445,0.218,0.109,0.046,0.075,0.073,0.179,0.355,0.973,0.141,0.186,0.196,0.257,0.262,0.222,0.271,0.185,0.119,0.253,0.418,0.191,0.125,0.102,0.156,0.097
,,,,,,,,,,,,,,,,,,,,,,,,,,,,,,,,,,,,,,,,,,,,,,,,,,,,
61026290856,A5808914,Consumption,20/09/2016,No,0.126,0.12,0.112,0.105,0.181,0.188,0.104,0.14,0.12,0.099,0.15,0.091,0.13,0.126,0.196,0.217,0.174,0.113,0.125,0.266,0.402,0.582,0.282,0.125,0.037,0.137,0.127,0.123,0.076,0.547,0.384,0.491,0.515,0.329,0.139,0.857,0.913,0.421,0.483,0.17,0.192,0.199,0.225,0.217,0.22,0.146,0.135,0.128
,,,,,,,,,,,,,,,,,,,,,,,,,,,,,,,,,,,,,,,,,,,,,,,,,,,,
61026290856,A5808914,Consumption,21/09/2016,No,0.151,0.106,0.167,0.113,0.113,0.186,0.098,0.163,0.111,0.128,0.208,0.19,0.149,0.132,0.266,0.163,0.329,0.243,0.197,0.172,0.176,0.146,0.158,0.18,0.095,0.157,0.114,0.121,0.308,0.578,0.19,0.154,0.746,0.648,0.242,0.709,1.033,0.688,0.722,0.873,0.933,0.357,0.183,0.198,0.155,0.156,0.126,0.107
,,,,,,,,,,,,,,,,,,,,,,,,,,,,,,,,,,,,,,,,,,,,,,,,,,,,
61026290856,A5808914,Consumption,22/09/2016,No,0.153,0.105,0.124,0.145,0.089,0.154,0.133,0.101,0.179,0.083,0.137,0.151,0.118,0.289,0.548,0.197,0.178,0.216,0.177,0.193,0.169,0.168,0.196,0.091,0.187,0.102,0.25,0.173,0.098,0.821,0.463,0.561,0.186,0.777,0.26,0.24,0.681,0.837,0.874,0.276,0.202,0.188,0.222,0.511,0.163,0.115,0.143,0.09
,,,,,,,,,,,,,,,,,,,,,,,,,,,,,,,,,,,,,,,,,,,,,,,,,,,,
61026290856,A5808914,Consumption,23/09/2016,No,0.139,0.109,0.106,0.129,0.081,0.15,0.081,0.13,0.103,0.105,0.129,0.095,0.109,0.131,0.124,0.243,0.191,0.578,0.199,0.09,0.124,0.122,0.119,0.089,0.856,0.586,0.546,0.833,0.828,0.737,1.271,1.328,1.324,0.472,0.127,0.481,0.645,0.436,0.401,0.397,0.28,0.301,0.235,0.29,0.251,0.289,0.281,0.314
,,,,,,,,,,,,,,,,,,,,,,,,,,,,,,,,,,,,,,,,,,,,,,,,,,,,
61026290856,A5808914,Consumption,24/09/2016,No,0.238,0.315,0.264,0.287,0.313,0.256,0.309,0.272,0.278,0.313,0.284,0.256,0.327,0.259,0.277,0.368,0.336,0.286,0.291,0.279,0.322,0.307,0.278,0.252,0.277,0.245,0.242,0.303,0.225,0.287,0.238,0.245,0.276,0.236,0.291,0.245,0.245,0.26,0.291,0.288,0.693,0.238,0.34,0.25,0.249,0.241,0.24,0.22
,,,,,,,,,,,,,,,,,,,,,,,,,,,,,,,,,,,,,,,,,,,,,,,,,,,,
61026290856,A5808914,Consumption,25/09/2016,No,0.273,0.222,0.244,0.279,0.216,0.282,0.253,0.266,0.275,0.337,0.311,0.286,0.293,0.234,0.371,0.323,0.417,0.271,0.3,0.217,0.277,0.22,0.261,0.321,0.642,0.25,0.216,0.325,0.384,0.624,1.45,1.822,0.776,1.614,1.113,0.458,0.642,0.623,0.348,0.257,0.237,0.236,0.163,0.231,0.168,0.182,0.206,0.18
,,,,,,,,,,,,,,,,,,,,,,,,,,,,,,,,,,,,,,,,,,,,,,,,,,,,
61026290856,A5808914,Consumption,26/09/2016,No,0.177,0.217,0.26,0.236,0.204,0.199,0.155,0.242,0.153,0.193,0.252,0.27,0.169,0.218,0.256,0.172,0.203,0.176,0.312,0.932,0.911,1.395,1.089,1.032,0.863,0.578,0.061,0.088,0.056,0.092,0.119,0.962,0.121,0.773,0.314,0.462,0.603,0.421,0.54,0.607,0.832,1.054,0.359,0.288,0.171,0.116,0.174,0.125
,,,,,,,,,,,,,,,,,,,,,,,,,,,,,,,,,,,,,,,,,,,,,,,,,,,,
61026290856,A5808914,Consumption,27/09/2016,No,0.127,0.168,0.122,0.121,0.163,0.116,0.141,0.226,0.183,0.125,0.161,0.124,0.139,0.156,0.274,0.382,0.184,0.108,0.232,0.101,0.108,0.069,0.126,0.052,0.092,0.156,0.705,0.388,0.526,0.19,0.447,0.723,0.118,0.302,0.876,0.575,0.514,0.651,0.208,0.214,0.213,0.789,0.77,0.748,0.134,0.196,0.137,0.148
,,,,,,,,,,,,,,,,,,,,,,,,,,,,,,,,,,,,,,,,,,,,,,,,,,,,
61026290856,A5808914,Consumption,28/09/2016,No,0.203,0.233,0.164,0.164,0.159,0.176,0.128,0.204,0.131,0.167,0.164,0.157,0.153,0.247,0.434,0.17,0.174,0.244,0.256,0.117,0.558,0.611,0.534,0.311,0.152,0.124,0.14,0.134,0.048,0.124,0.026,1.056,1.298,0.929,0.631,0.45,0.551,0.347,0.25,0.187,0.236,0.171,0.267,0.195,0.17,0.139,0.147,0.115
,,,,,,,,,,,,,,,,,,,,,,,,,,,,,,,,,,,,,,,,,,,,,,,,,,,,
61026290856,A5808914,Consumption,29/09/2016,No,0.142,0.114,0.142,0.112,0.143,0.12,0.136,0.125,0.121,0.139,0.104,0.156,0.128,0.242,0.242,0.153,0.212,0.202,0.221,0.331,0.22,0.167,0.163,0.092,1.814,1.033,0.362,0.12,0.088,0.693,0.717,0.699,0.933,1.241,0.782,0.208,0.256,0.277,0.307,0.585,0.501,0.239,0.153,0.17,0.15,0.192,0.172,0.171
,,,,,,,,,,,,,,,,,,,,,,,,,,,,,,,,,,,,,,,,,,,,,,,,,,,,
61026290856,A5808914,Consumption,30/09/2016,No,0.163,0.157,0.142,0.222,0.192,0.189,0.125,0.2,0.128,0.168,0.152,0.155,0.21,0.237,0.166,0.559,0.208,0.205,0.029,0.09,0.049,0.064,0.072,0.065,0.049,0.091,0.038,0.103,0.04,0.084,0.058,0.065,0.077,0.062,0.062,0.069,0.05,0.139,0.111,0.038,0.102,0.029,0.146,0.116,0.042,0.104,0.029,0.105
,,,,,,,,,,,,,,,,,,,,,,,,,,,,,,,,,,,,,,,,,,,,,,,,,,,,
61026290856,A5808914,Consumption,01/10/2016,No,0.03,0.082,0.052,0.073,0.061,0.073,0.04,0.088,0.035,0.092,0.042,0.052,0.082,0.043,0.074,0.051,0.066,0.059,0.074,0.03,0.102,0.03,0.072,0.061,0.072,0.041,0.092,0.036,0.099,0.039,0.068,0.071,0.077,0.147,0.091,0.039,0.107,0.032,0.078,0.055,0.073,0.043,0.091,0.029,0.093,0.041,0.072,0.059
,,,,,,,,,,,,,,,,,,,,,,,,,,,,,,,,,,,,,,,,,,,,,,,,,,,,
61026290856,A5808914,Consumption,02/10/2016,No,0.06,0.041,0.08,0.052,0,0,0.038,0.094,0.029,0.07,0.062,0.07,0.031,0.174,0.075,0.074,0.062,0.07,0.033,0.096,0.058,0.062,0.082,0.04,0.101,0.106,0.098,0.123,0.032,0.125,0.036,0.091,0.072,0.073,0.09,0.046,0.084,0.053,0.097,0.064,0.078,0.071,0.065,0.068,0.065,0.088,0.054,0.088
,,,,,,,,,,,,,,,,,,,,,,,,,,,,,,,,,,,,,,,,,,,,,,,,,,,,
61026290856,A5808914,Consumption,03/10/2016,No,0.037,0.089,0.061,0.057,0.091,0.03,0.101,0.043,0.141,0.114,0.053,0.085,0.061,0.038,0.1,0.03,0.092,0.115,0.492,1.048,0.897,0.336,0.624,0.2,0.028,0.095,0.049,0.056,0.088,0.028,0.158,0.086,0.076,0.067,0.058,0.065,0.054,0.079,0.06,0.073,0.034,0.083,0.056,0.03,0.123,0.128,0.108,0.046
,,,,,,,,,,,,,,,,,,,,,,,,,,,,,,,,,,,,,,,,,,,,,,,,,,,,
61026290856,A5808914,Consumption,04/10/2016,No,0.071,0.06,0.05,0.06,0.06,0.076,0.029,0.1,0.035,0.048,0.088,0.029,0.075,0.06,0.069,0.034,0.077,0.056,0.029,0.11,0.029,0.071,0.058,0.048,0.067,0.047,0.092,0.028,0.088,0.052,0.052,0.071,0.046,0.077,0.047,0.105,0.106,0.09,0.052,0.072,0.029,0.091,0.041,0.04,0.072,0.048,0.072,0.029
,,,,,,,,,,,,,,,,,,,,,,,,,,,,,,,,,,,,,,,,,,,,,,,,,,,,
61026290856,A5808914,Consumption,05/10/2016,No,0.093,0.038,0.039,0.065,0.056,0.072,0.029,0.08,0.051,0.034,0.066,0.06,0.071,0.029,0.05,0.117,0.092,0.079,0.029,0.099,0.032,0.046,0.06,0.055,0.072,0.028,0.091,0.045,0.051,0.053,0.15,0.094,0.057,0.17,0.191,0.153,0.2,0.129,0.154,0.135,0.126,0.116,0.177,0.192,0.234,0.224,0.147,0.171
,,,,,,,,,,,,,,,,,,,,,,,,,,,,,,,,,,,,,,,,,,,,,,,,,,,,
61026290856,A5808914,Consumption,06/10/2016,No,0.137,0.14,0.161,0.099,0.197,0.098,0.16,0.136,0.122,0.166,0.113,0.151,0.141,0.141,0.109,0.161,0.255,0.198,0.246,0.112,0.19,0.246,0.167,0.097,0.084,0.113,0.07,0.106,0.155,0.17,0.878,0.596,0.473,0.131,0.142,0.548,0.604,0.748,0.24,0.222,0.278,0.182,0.345,0.138,0.103,0.122,0.1,0.131
,,,,,,,,,,,,,,,,,,,,,,,,,,,,,,,,,,,,,,,,,,,,,,,,,,,,
61026290856,A5808914,Consumption,07/10/2016,No,0.106,0.129,0.156,0.185,0.07,0.124,0.121,0.084,0.134,0.088,0.124,0.1,0.104,0.103,0.104,0.228,0.945,0.671,0.889,1.364,0.873,0.133,0.118,0.082,0.442,0.578,0.477,0.432,0.063,0.075,0.832,0.975,0.434,1.421,1.866,0.499,0.241,0.603,0.651,0.514,0.267,0.299,0.253,0.292,0.322,0.28,0.341,0.32
,,,,,,,,,,,,,,,,,,,,,,,,,,,,,,,,,,,,,,,,,,,,,,,,,,,,
61026290856,A5808914,Consumption,08/10/2016,No,0.336,0.237,0.281,0.287,0.26,0.325,0.243,0.308,0.283,0.28,0.321,0.254,0.325,0.27,0.297,0.322,0.296,0.338,0.373,0.305,0.265,0.337,0.238,0.307,0.246,0.272,0.268,0.256,0.246,0.278,0.267,0.235,0.291,0.24,0.236,0.295,0.221,0.303,0.323,0.29,0.302,0.209,0.319,0.583,0.233,0.775,0.215,0.226
,,,,,,,,,,,,,,,,,,,,,,,,,,,,,,,,,,,,,,,,,,,,,,,,,,,,
61026290856,A5808914,Consumption,09/10/2016,No,0.265,0.192,0.301,0.221,0.3,0.308,0.222,0.233,0.279,0.195,0.282,0.226,0.245,0.267,0.217,0.275,0.268,0.483,0.316,0.191,0.275,0.161,0.352,0.221,0.183,0.147,0.117,0.181,0.081,0.131,0.575,1.028,0.366,0.089,0.1,0.244,0.514,0.338,0.294,0.164,0.261,0.258,0.194,0.127,0.171,0.081,0.172,0.093
,,,,,,,,,,,,,,,,,,,,,,,,,,,,,,,,,,,,,,,,,,,,,,,,,,,,
61026290856,A5808914,Consumption,10/10/2016,No,0.12,0.139,0.114,0.142,0.121,0.146,0.138,0.154,0.112,0.174,0.12,0.113,0.194,0.11,0.173,0.408,0.212,0.172,0.189,1.231,0.591,0.867,0.963,1.349,0.848,1.057,0.556,0.547,0.694,0.435,0.412,0.842,0.878,1.595,0.249,0.143,0.064,0.15,0.169,0.209,0.294,1.078,1.056,1.269,0.261,0.185,0.137,0.134
,,,,,,,,,,,,,,,,,,,,,,,,,,,,,,,,,,,,,,,,,,,,,,,,,,,,
61026290856,A5808914,Consumption,11/10/2016,No,0.136,0.123,0.162,0.115,0.133,0.154,0.117,0.138,0.149,0.12,0.165,0.119,0.202,0.207,0.113,0.273,0.203,0.312,0.376,0.569,0.142,0.158,0.116,0.733,0.246,0.648,0.738,0.661,0.565,0.556,0.522,0.256,0.233,1.017,0.215,0.252,1.124,0.806,1.123,0.486,0.299,0.259,0.31,0.273,0.301,0.307,0.305,0.377
,,,,,,,,,,,,,,,,,,,,,,,,,,,,,,,,,,,,,,,,,,,,,,,,,,,,
61026290856,A5808914,Consumption,12/10/2016,No,0.321,0.291,0.317,0.262,0.323,0.275,0.305,0.31,0.258,0.342,0.264,0.311,0.295,0.3,0.301,0.278,0.309,0.326,0.364,0.256,0.33,0.278,0.302,0.278,0.251,0.332,0.245,0.306,0.284,0.265,0.293,0.271,0.278,0.364,0.304,0.297,0.281,0.28,0.298,0.302,0.267,0.466,0.288,0.266,0.313,0.517,0.23,0.249
,,,,,,,,,,,,,,,,,,,,,,,,,,,,,,,,,,,,,,,,,,,,,,,,,,,,
61026290856,A5808914,Consumption,13/10/2016,No,0.182,0.274,0.22,0.221,0.227,0.214,0.212,0.221,0.189,0.184,0.225,0.237,0.174,0.247,0.308,0.243,0.264,0.265,0.215,0.584,0.464,0.252,0.238,0.835,0.717,0.827,1.329,1.14,0.44,0.211,0.273,0.763,0.216,0.358,0.177,0.144,0.368,0.124,0.127,0.171,0.092,0.195,0.4,0.093,0.175,0.107,0.146,0.192
,,,,,,,,,,,,,,,,,,,,,,,,,,,,,,,,,,,,,,,,,,,,,,,,,,,,
61026290856,A5808914,Consumption,14/10/2016,No,0.125,0.155,0.149,0.108,0.177,0.138,0.142,0.224,0.203,0.209,0.211,0.127,0.161,0.164,0.194,0.378,0.189,0.119,0.396,0.406,0.678,0.414,0.504,1.127,0.993,0.985,0.542,0.418,0.434,0.441,0.204,0.264,0.315,1.124,0.885,0.212,0.214,0.221,1.011,0.677,0.414,0.391,0.252,0.29,0.266,0.248,0.29,0.236
,,,,,,,,,,,,,,,,,,,,,,,,,,,,,,,,,,,,,,,,,,,,,,,,,,,,
61026290856,A5808914,Consumption,15/10/2016,No,0.263,0.272,0.253,0.227,0.282,0.249,0.223,0.313,0.222,0.254,0.284,0.243,0.295,0.276,0.236,0.313,0.266,0.254,0.274,0.2,0.255,0.244,0.253,0.256,0.308,0.205,0.225,0.319,0.385,0.342,0.246,0.236,0.327,0.249,0.213,0.327,0.194,0.258,0.264,0.235,0.486,1.392,1.169,0.273,0.736,0.84,0.872,0.208
,,,,,,,,,,,,,,,,,,,,,,,,,,,,,,,,,,,,,,,,,,,,,,,,,,,,
61026290856,A5808914,Consumption,16/10/2016,No,0.203,0.214,0.228,0.191,0.218,0.25,0.158,0.243,0.203,0.171,0.267,0.257,0.265,0.298,0.209,0.261,0.972,0.693,0.453,0.217,1.008,1.653,1.183,0.688,1.055,1.079,0.538,0.643,0.153,0.239,0.366,0.614,0.691,1.092,0.598,0.674,0.506,0.672,0.856,0.499,0.464,0.506,0.47,0.456,0.573,0.508,0.454,0.499
,,,,,,,,,,,,,,,,,,,,,,,,,,,,,,,,,,,,,,,,,,,,,,,,,,,,
61026290856,A5808914,Consumption,17/10/2016,No,0.446,0.49,0.438,0.485,0.421,0.397,0.413,0.402,0.396,0.399,0.388,0.443,0.422,0.43,0.408,0.404,0.451,0.395,0.521,0.597,0.532,0.497,0.504,0.479,0.524,0.541,0.604,0.681,0.514,0.472,0.532,0.487,0.428,0.486,0.493,0.589,0.548,0.55,0.471,0.551,0.493,0.54,0.537,0.497,0.562,0.449,0.47,0.433
,,,,,,,,,,,,,,,,,,,,,,,,,,,,,,,,,,,,,,,,,,,,,,,,,,,,
61026290856,A5808914,Consumption,18/10/2016,No,0.484,0.391,0.479,0.416,0.465,0.445,0.464,0.479,0.453,0.452,0.482,0.442,0.51,0.53,0.473,0.52,0.414,0.502,0.424,0.458,0.465,0.431,0.464,0.445,0.449,0.388,0.511,0.381,0.452,0.792,2.281,2.16,0.331,0.25,0.25,0.324,0.297,0.308,0.315,0.336,0.341,0.311,0.376,0.307,0.309,0.311,0.252,0.286
,,,,,,,,,,,,,,,,,,,,,,,,,,,,,,,,,,,,,,,,,,,,,,,,,,,,
61026290856,A5808914,Consumption,19/10/2016,No,0.206,0.263,0.22,0.204,0.346,0.267,0.233,0.248,0.22,0.258,0.221,0.215,0.264,0.215,0.275,0.222,0.415,0.199,0.281,0.195,0.126,0.136,0.127,0.122,0.09,0.121,0.096,0.073,0.133,0.055,0.3,0.637,0.141,0.117,0.079,0.206,0.247,0.308,0.164,0.184,0.27,0.473,0.666,0.138,0.187,0.111,0.167,0.126
,,,,,,,,,,,,,,,,,,,,,,,,,,,,,,,,,,,,,,,,,,,,,,,,,,,,
61026290856,A5808914,Consumption,20/10/2016,No,0.102,0.174,0.096,0.178,0.11,0.113,0.158,0.111,0.17,0.118,0.128,0.161,0.106,0.17,0.127,0.14,0.152,0.136,0.456,0.165,0.164,0.114,0.112,0.076,0.193,0.117,0.192,0.136,0.116,0.237,0.133,0.158,0.092,0.143,0.483,1.102,0.304,0.109,0.174,0.069,0.148,0.091,0.13,0.122,0.074,0.136,0.056,0.098
,,,,,,,,,,,,,,,,,,,,,,,,,,,,,,,,,,,,,,,,,,,,,,,,,,,,
61026290856,A5808914,Consumption,21/10/2016,No,0.087,0.072,0.123,0.079,0.102,0.1,0.089,0.101,0.09,0.078,0.154,0.169,0.091,0.095,0.111,0.069,0.298,0.132,0.694,0.44,0.667,0.321,0.826,1.138,0.563,0.154,1.012,0.567,0.529,0.449,0.213,0.741,1.331,0.59,0.495,0.561,1.411,2.573,1.083,1.222,0.508,0.38,0.278,0.296,0.272,0.389,0.339,0.263
,,,,,,,,,,,,,,,,,,,,,,,,,,,,,,,,,,,,,,,,,,,,,,,,,,,,
61026290856,A5808914,Consumption,22/10/2016,No,0.289,0.331,0.258,0.318,0.265,0.296,0.335,0.251,0.317,0.302,0.276,0.315,0.299,0.292,0.327,0.269,0.313,0.321,0.265,0.333,0.295,0.288,0.334,0.253,0.345,0.383,0.264,0.292,0.292,0.246,0.323,0.247,0.314,0.263,0.246,0.351,0.324,0.332,0.263,0.29,0.301,0.326,0.297,0.292,0.533,1.284,0.617,0.22
,,,,,,,,,,,,,,,,,,,,,,,,,,,,,,,,,,,,,,,,,,,,,,,,,,,,
61026290856,A5808914,Consumption,23/10/2016,No,0.259,0.244,0.233,0.26,0.217,0.242,0.251,0.226,0.269,0.221,0.221,0.273,0.212,0.257,0.225,0.885,1.044,0.612,0.612,0.61,0.802,0.25,0.5,0.246,0.259,0.184,0.865,0.699,0.718,0.805,1.196,1.461,0.874,0.582,0.232,0.22,0.309,0.484,0.494,0.401,0.505,0.405,0.464,0.454,0.428,0.47,0.411,0.459
,,,,,,,,,,,,,,,,,,,,,,,,,,,,,,,,,,,,,,,,,,,,,,,,,,,,
61026290856,A5808914,Consumption,24/10/2016,No,0.415,0.455,0.44,0.454,0.45,0.467,0.413,0.445,0.472,0.403,0.496,0.427,0.462,0.444,0.418,0.472,0.419,0.449,0.461,0.508,0.504,0.425,0.948,0.998,1.012,0.874,0.707,0.387,0.404,0.433,0.418,0.362,0.443,0.366,0.426,0.419,0.348,0.505,0.379,0.398,0.42,0.389,0.41,0.377,0.419,0.38,0.416,0.403
,,,,,,,,,,,,,,,,,,,,,,,,,,,,,,,,,,,,,,,,,,,,,,,,,,,,
61026290856,A5808914,Consumption,25/10/2016,No,0.413,0.429,0.53,0.422,0.399,0.471,0.405,0.437,0.415,0.431,0.417,0.402,0.468,0.38,0.447,0.445,0.432,0.38,0.454,0.569,0.384,0.499,0.412,0.393,0.4,0.427,0.383,0.427,0.674,0.63,1.556,1.301,1.508,1.449,1.09,0.239,0.274,0.411,0.504,0.445,0.467,0.58,0.4,0.246,0.549,0.279,0.256,0.23
,,,,,,,,,,,,,,,,,,,,,,,,,,,,,,,,,,,,,,,,,,,,,,,,,,,,
61026290856,A5808914,Consumption,26/10/2016,No,0.191,0.241,0.174,0.273,0.156,0.239,0.186,0.209,0.221,0.183,0.231,0.178,0.233,0.245,0.287,0.341,0.326,0.415,0.342,0.438,0.303,0.292,0.268,0.243,0.202,0.197,0.168,0.224,0.146,0.222,0.175,0.19,0.187,0.438,0.307,0.304,0.796,0.408,0.295,0.243,0.189,0.255,0.178,0.156,0.166,0.158,0.148,0.172
,,,,,,,,,,,,,,,,,,,,,,,,,,,,,,,,,,,,,,,,,,,,,,,,,,,,
61026290856,A5808914,Consumption,27/10/2016,No,0.126,0.121,0.173,0.099,0.241,0.191,0.115,0.175,0.132,0.115,0.161,0.102,0.162,0.192,0.329,0.619,0.289,0.29,0.213,0.245,0.129,0.19,0.142,0.158,0.08,0.072,0.056,0.086,0.072,0.047,0.306,0.951,0.477,0.088,0.164,0.114,0.638,0.595,0.376,0.224,0.274,0.188,0.206,0.425,0.187,0.141,0.199,0.114
,,,,,,,,,,,,,,,,,,,,,,,,,,,,,,,,,,,,,,,,,,,,,,,,,,,,
61026290856,A5808914,Consumption,28/10/2016,No,0.164,0.113,0.13,0.125,0.153,0.094,0.177,0.105,0.135,0.147,0.136,0.109,0.254,0.21,0.23,0.287,0.573,1.327,1.486,0.695,0.326,0.201,0.175,0.15,0.126,0.052,0.14,0.058,0.102,0.319,0.733,0.597,0.554,0.419,1.053,0.921,0.722,1.527,0.617,0.515,0.505,0.411,0.307,0.32,0.326,0.269,0.394,0.339
,,,,,,,,,,,,,,,,,,,,,,,,,,,,,,,,,,,,,,,,,,,,,,,,,,,,
61026290856,A5808914,Consumption,29/10/2016,No,0.355,0.297,0.303,0.317,0.326,0.28,0.376,0.29,0.342,0.332,0.328,0.303,0.374,0.352,0.395,0.412,0.464,0.437,0.396,0.402,0.362,0.408,0.331,0.388,0.304,0.29,0.289,0.346,0.281,0.336,0.295,0.326,0.348,0.29,0.317,0.319,0.289,0.335,0.307,0.319,0.399,0.341,0.483,0.232,0.268,0.287,0.284,0.218
,,,,,,,,,,,,,,,,,,,,,,,,,,,,,,,,,,,,,,,,,,,,,,,,,,,,
61026290856,A5808914,Consumption,30/10/2016,No,0.234,0.21,0.222,0.174,0.252,0.19,0.202,0.231,0.193,0.213,0.201,0.206,0.204,0.301,0.23,0.34,0.261,0.286,0.348,0.351,0.242,0.957,1.169,0.53,0.283,0.211,0.182,0.309,0.244,0.204,0.227,0.276,0.2,0.474,0.983,1.404,0.587,0.361,0.312,0.307,0.22,0.321,0.271,0.249,0.229,0.258,0.262,0.196
,,,,,,,,,,,,,,,,,,,,,,,,,,,,,,,,,,,,,,,,,,,,,,,,,,,,
61026290856,A5808914,Consumption,31/10/2016,No,0.218,0.241,0.25,0.2,0.281,0.23,0.253,0.23,0.296,0.219,0.336,0.322,0.249,0.266,0.247,0.485,0.238,0.356,1.172,0.929,1.06,0.96,1.022,0.514,0.881,0.605,0.558,0.389,0.038,0.1,0.19,0.193,0.091,0.133,0.088,0.134,0.156,0.13,0.399,0.784,0.957,0.794,0.165,0.156,0.117,0.224,0.193,0.112
,,,,,,,,,,,,,,,,,,,,,,,,,,,,,,,,,,,,,,,,,,,,,,,,,,,,
61026290856,A5808914,Consumption,01/11/2016,No,0.179,0.091,0.171,0.092,0.142,0.122,0.138,0.128,0.133,0.121,0.15,0.103,0.171,0.091,0.159,0.354,0.16,0.18,0.162,0.184,0.179,0.099,0.099,0.091,0.09,0.087,0.087,0.071,0.123,0.147,0.117,0.767,0.196,0.118,0.209,0.179,0.1,0.248,0.175,0.217,0.2,0.227,0.162,0.182,0.129,0.131,0.135,0.123
,,,,,,,,,,,,,,,,,,,,,,,,,,,,,,,,,,,,,,,,,,,,,,,,,,,,
61026290856,A5808914,Consumption,02/11/2016,No,0.142,0.12,0.139,0.138,0.114,0.148,0.126,0.148,0.121,0.127,0.151,0.128,0.144,0.136,0.127,0.279,0.124,0.219,0.168,0.097,0.133,0.08,0.209,0.13,0.122,0.082,0.109,0.085,0.097,0.106,0.556,0.331,0.281,0.315,0.358,0.24,0.631,0.155,0.232,0.123,0.172,0.159,0.181,0.162,0.104,0.166,0.102,0.177
,,,,,,,,,,,,,,,,,,,,,,,,,,,,,,,,,,,,,,,,,,,,,,,,,,,,
61026290856,A5808914,Consumption,03/11/2016,No,0.089,0.169,0.103,0.124,0.132,0.103,0.163,0.186,0.186,0.145,0.102,0.167,0.1,0.169,0.234,0.366,0.2,0.2,0.14,0.169,0.096,0.118,0.105,0.966,1.084,0.286,0.147,0.075,0.117,0.196,0.105,0.087,0.173,1.045,0.379,1.075,0.811,0.648,0.23,0.232,0.722,0.23,0.213,0.127,0.148,0.16,0.133,0.1
,,,,,,,,,,,,,,,,,,,,,,,,,,,,,,,,,,,,,,,,,,,,,,,,,,,,
61026290856,A5808914,Consumption,04/11/2016,No,0.126,0.062,0.136,0.078,0.093,0.21,0.112,0.101,0.131,0.088,0.156,0.089,0.123,0.135,0.13,0.723,0.166,0.176,0.125,0.062,0.157,0.123,0.134,0.038,0.16,0.441,0.56,0.427,0.467,0.771,1.443,0.936,0.238,0.132,0.235,0.462,1.084,1.737,1.198,0.469,0.481,0.475,0.464,0.309,0.345,0.375,0.341,0.346
,,,,,,,,,,,,,,,,,,,,,,,,,,,,,,,,,,,,,,,,,,,,,,,,,,,,
61026290856,A5808914,Consumption,05/11/2016,No,0.257,0.294,0.266,0.306,0.248,0.331,0.242,0.288,0.284,0.271,0.253,0.291,0.284,0.264,0.345,0.271,0.338,0.264,0.328,0.283,0.32,0.292,0.277,0.342,0.232,0.321,0.267,0.299,0.275,0.271,0.359,0.354,0.277,0.294,0.389,0.307,0.339,0.259,0.37,0.258,0.368,0.298,0.475,0.297,0.285,0.312,0.243,0.345
,,,,,,,,,,,,,,,,,,,,,,,,,,,,,,,,,,,,,,,,,,,,,,,,,,,,
61026290856,A5808914,Consumption,06/11/2016,No,0.235,0.266,0.306,0.252,0.272,0.255,0.274,0.266,0.277,0.26,0.273,0.283,0.251,0.301,0.252,0.307,0.306,0.341,0.319,0.223,0.177,0.106,0.13,0.152,0.238,0.174,0.111,0.173,0.052,0.762,1.015,0.518,0.119,0.066,0.203,0.764,1.401,0.958,0.529,0.356,0.16,0.192,0.307,0.164,0.15,0.155,0.121,0.156
,,,,,,,,,,,,,,,,,,,,,,,,,,,,,,,,,,,,,,,,,,,,,,,,,,,,
61026290856,A5808914,Consumption,07/11/2016,No,0.152,0.178,0.068,0.134,0.104,0.113,0.093,0.125,0.088,0.106,0.125,0.066,0.141,0.086,0.117,0.4,0.194,0.18,0.189,0.994,0.766,1.205,0.665,0.299,0.056,0.071,0.114,0.14,0.111,0.04,0.192,0.131,0.891,0.127,0.098,0.102,0.113,0.093,0.187,0.139,0.173,0.146,0.134,0.184,0.103,0.207,0.101,0.154
,,,,,,,,,,,,,,,,,,,,,,,,,,,,,,,,,,,,,,,,,,,,,,,,,,,,
61026290856,A5808914,Consumption,08/11/2016,No,0.103,0.086,0.138,0.067,0.144,0.068,0.122,0.092,0.097,0.128,0.092,0.132,0.103,0.182,0.175,0.228,0.165,0.18,0.109,0.156,0.177,0.159,0.067,0.126,0.148,0.114,0.132,0.073,0.114,0.079,0.681,0.779,0.424,0.34,0.462,0.517,0.961,0.812,1.198,0.237,0.771,0.476,0.243,0.182,0.205,0.187,0.206,0.198
,,,,,,,,,,,,,,,,,,,,,,,,,,,,,,,,,,,,,,,,,,,,,,,,,,,,
61026290856,A5808914,Consumption,09/11/2016,No,0.142,0.106,0.107,0.098,0.106,0.078,0.123,0.063,0.14,0.063,0.122,0.104,0.119,0.109,0.15,0.125,0.667,0.39,0.19,0.125,0.61,0.342,0.324,0.243,0.569,0.47,0.344,0.051,0.104,0.071,0.178,0.1,0.152,0.432,0.215,0.054,0.128,0.041,0.235,0.185,0.191,0.144,0.342,0.15,0.207,0.14,0.202,0.112
,,,,,,,,,,,,,,,,,,,,,,,,,,,,,,,,,,,,,,,,,,,,,,,,,,,,
61026290856,A5808914,Consumption,10/11/2016,No,0.133,0.157,0.092,0.165,0.09,0.144,0.112,0.139,0.113,0.176,0.177,0.139,0.116,0.187,0.186,0.147,0.47,0.224,0.138,0.203,0.123,0.169,0.088,0.096,0.035,0.096,0.048,0.08,0.064,0.053,0.095,0.029,0.223,0.035,0.118,0.049,0.085,0.439,0.407,0.579,0.446,1.387,1.101,0.256,0.158,0.223,0.115,0.203
,,,,,,,,,,,,,,,,,,,,,,,,,,,,,,,,,,,,,,,,,,,,,,,,,,,,
61026290856,A5808914,Consumption,11/11/2016,No,0.085,0.144,0.134,0.089,0.19,0.086,0.177,0.194,0.162,0.125,0.135,0.144,0.132,0.154,0.146,0.395,0.113,0.221,0.247,0.33,1.064,1.007,1.097,0.175,0.053,0.155,0.096,0.384,0.599,0.361,0.472,0.069,0.129,0.42,0.645,0.298,0.782,0.77,1.772,1.035,0.522,0.55,0.449,0.527,0.44,0.497,0.417,0.529
,,,,,,,,,,,,,,,,,,,,,,,,,,,,,,,,,,,,,,,,,,,,,,,,,,,,
61026290856,A5808914,Consumption,12/11/2016,No,0.424,0.462,0.4,0.375,0.467,0.378,0.473,0.397,0.412,0.425,0.423,0.375,0.437,0.398,0.404,0.477,0.393,0.465,0.414,0.399,0.528,0.386,0.461,0.649,0.676,0.731,0.658,0.672,0.625,0.71,0.65,0.671,0.591,0.451,0.352,0.464,0.427,0.414,0.444,0.46,0.425,0.78,0.804,1.063,0.368,0.292,0.245,0.234
,,,,,,,,,,,,,,,,,,,,,,,,,,,,,,,,,,,,,,,,,,,,,,,,,,,,
61026290856,A5808914,Consumption,13/11/2016,No,0.24,0.245,0.247,0.175,0.199,0.224,0.183,0.182,0.233,0.172,0.195,0.223,0.154,0.232,0.195,0.21,0.245,0.228,0.232,0.278,0.888,0.701,0.848,0.858,0.422,0.42,0.332,0.322,0.183,0.148,0.185,0.186,0.156,0.163,0.152,0.101,0.084,0.101,1.152,1.044,0.323,0.291,1.156,0.91,0.484,1.105,0.537,0.138
,,,,,,,,,,,,,,,,,,,,,,,,,,,,,,,,,,,,,,,,,,,,,,,,,,,,
61026290856,A5808914,Consumption,14/11/2016,No,0.159,0.147,0.113,0.195,0.1,0.138,0.129,0.129,0.133,0.143,0.112,0.16,0.126,0.101,0.185,0.249,0.407,0.271,0.173,0.207,0.297,0.462,1.644,0.947,0.904,0.637,0.09,0.099,0.071,0.15,0.648,0.588,0.119,0.153,0.114,0.102,0.072,0.091,0.177,0.284,0.262,0.673,0.124,0.217,0.117,0.198,0.156,0.167
,,,,,,,,,,,,,,,,,,,,,,,,,,,,,,,,,,,,,,,,,,,,,,,,,,,,
61026290856,A5808914,Consumption,15/11/2016,No,0.134,0.153,0.098,0.156,0.105,0.225,0.162,0.149,0.095,0.18,0.094,0.13,0.148,0.118,0.147,0.326,0.167,0.225,0.204,0.179,0.148,0.065,0.133,0.058,0.118,0.061,0.069,0.114,0.053,0.089,0.094,0.919,1.238,0.627,0.164,0.173,0.183,0.155,0.127,0.193,0.129,0.131,0.18,0.149,0.167,0.173,0.153,0.16
,,,,,,,,,,,,,,,,,,,,,,,,,,,,,,,,,,,,,,,,,,,,,,,,,,,,
61026290856,A5808914,Consumption,16/11/2016,No,0.124,0.095,0.168,0.094,0.162,0.105,0.121,0.153,0.11,0.133,0.129,0.114,0.154,0.115,0.173,0.314,0.103,0.231,0.147,0.092,0.564,0.195,0.14,0.159,0.125,0.075,0.107,0.087,0.093,0.106,0.086,0.134,0.179,0.828,0.086,0.138,0.136,0.202,0.192,0.098,0.171,0.143,0.149,0.257,0.384,1.158,0.901,0.241
,,,,,,,,,,,,,,,,,,,,,,,,,,,,,,,,,,,,,,,,,,,,,,,,,,,,
61026290856,A5808914,Consumption,17/11/2016,No,0.153,0.145,0.073,0.164,0.068,0.143,0.09,0.106,0.122,0.102,0.131,0.111,0.112,0.13,0.345,0.395,0.17,0.293,0.216,0.199,0.191,0.141,0.113,0.134,0.096,0.127,0.125,0.808,0.515,0.089,0.204,0.194,0.179,0.138,0.078,0.18,0.081,0.856,1.425,0.703,0.16,0.285,0.181,0.278,0.478,0.329,0.342,0.154
,,,,,,,,,,,,,,,,,,,,,,,,,,,,,,,,,,,,,,,,,,,,,,,,,,,,
61026290856,A5808914,Consumption,18/11/2016,No,0.166,0.123,0.116,0.128,0.319,0.555,0.368,0.444,0.307,0.06,0.124,0.064,0.1,0.109,0.098,0.409,0.183,0.111,0.125,0.056,0.103,0.494,0.51,0.498,0.529,0.291,0.982,1.408,0.712,0.395,0.142,0.714,0.531,0.181,0.561,0.428,0.811,1.176,1.212,0.528,0.553,0.424,0.501,0.251,0.328,0.339,0.287,0.372
,,,,,,,,,,,,,,,,,,,,,,,,,,,,,,,,,,,,,,,,,,,,,,,,,,,,
61026290856,A5808914,Consumption,19/11/2016,No,0.271,0.295,0.325,0.251,0.344,0.274,0.321,0.361,0.312,0.298,0.297,0.298,0.295,0.282,0.313,0.296,0.36,0.359,0.284,0.315,0.292,0.272,0.343,0.277,0.309,0.301,0.238,0.363,0.237,0.321,0.295,0.284,0.368,0.278,0.311,0.324,0.307,0.308,0.291,0.378,0.381,0.341,0.336,0.283,0.86,0.932,1.143,1.034
,,,,,,,,,,,,,,,,,,,,,,,,,,,,,,,,,,,,,,,,,,,,,,,,,,,,
61026290856,A5808914,Consumption,20/11/2016,No,0.562,0.55,0.452,0.473,0.476,0.443,0.621,0.681,0.692,0.503,0.477,0.487,0.445,0.529,0.468,0.534,0.734,0.597,0.482,0.42,0.357,0.586,0.14,0.548,1.196,0.534,0.122,0.681,1.03,0.559,0.241,0.19,0.189,0.254,0.16,0.234,0.192,0.91,1.821,0.953,0.99,0.735,1.494,1.333,0.852,0.782,0.692,0.615
,,,,,,,,,,,,,,,,,,,,,,,,,,,,,,,,,,,,,,,,,,,,,,,,,,,,
61026290856,A5808914,Consumption,21/11/2016,No,0.798,0.749,0.513,0.259,0.173,0.388,0.389,0.327,0.215,0.14,0.154,0.089,0.144,0.103,0.142,0.568,0.235,0.232,0.621,1.023,0.515,0.189,0.717,0.93,0.142,0.156,0.089,1.915,2.534,2.421,2.731,1.867,1.368,1.465,1.427,1.299,0.342,0.322,1.107,0.722,0.844,0.667,0.747,0.404,0.336,0.447,0.309,0.219
,,,,,,,,,,,,,,,,,,,,,,,,,,,,,,,,,,,,,,,,,,,,,,,,,,,,
61026290856,A5808914,Consumption,22/11/2016,No,0.325,0.413,0.244,0.123,0.13,0.072,0.164,0.072,0.485,0.608,0.391,0.421,0.216,0.129,0.08,0.691,0.274,0.284,0.313,0.378,0.215,0.283,0.383,0.167,0.262,0.288,0.149,0.134,0.1,0.134,0.084,0.098,1.161,0.398,0.199,0.205,0.132,0.231,0.325,0.518,0.415,0.534,0.485,0.332,0.415,0.312,0.252,0.664
,,,,,,,,,,,,,,,,,,,,,,,,,,,,,,,,,,,,,,,,,,,,,,,,,,,,
61026290856,A5808914,Consumption,23/11/2016,No,0.681,0.632,0.652,0.411,0.216,0.308,0.346,0.36,0.348,0.206,0.099,0.101,0.176,0.089,0.179,0.502,0.15,0.623,0.286,0.145,0.299,0.145,0.214,0.103,0.061,0.306,0.098,0.338,0.118,1.038,0.909,0.613,1.311,0.182,0.242,0.157,0.184,0.579,0.274,0.373,0.142,0.126,0.32,0.201,0.427,0.221,0.298,0.363
,,,,,,,,,,,,,,,,,,,,,,,,,,,,,,,,,,,,,,,,,,,,,,,,,,,,
61026290856,A5808914,Consumption,24/11/2016,No,0.342,0.245,0.166,0.333,0.287,0.313,0.206,0.222,0.324,0.357,0.384,0.186,0.308,0.286,0.48,0.144,0.6,0.659,0.377,0.41,0.316,0.394,0.291,0.233,0.321,0.311,0.38,0.963,0.58,0.199,0.392,0.377,0.58,0.501,0.403,0.411,0.404,0.384,0.229,0.212,0.317,0.377,0.786,0.394,0.269,0.371,0.35,0.342
,,,,,,,,,,,,,,,,,,,,,,,,,,,,,,,,,,,,,,,,,,,,,,,,,,,,
61026290856,A5808914,Consumption,25/11/2016,No,0.2,0.276,0.392,0.323,0.203,0.284,0.37,0.426,0.338,0.374,0.378,0.325,0.425,0.41,0.365,1.415,1.202,1.477,1.255,1.199,1.085,0.226,0.186,0.078,0.373,0.162,0.151,0.079,0.13,0.14,0.082,0.098,0.051,0.08,0.108,0.036,0.117,0.083,0.044,0.166,0.051,0.083,0.201,0.126,0.104,0.093,0.118,0.077
,,,,,,,,,,,,,,,,,,,,,,,,,,,,,,,,,,,,,,,,,,,,,,,,,,,,
61026290856,A5808914,Consumption,26/11/2016,No,0.126,0.094,0.077,0.148,0.066,0.101,0.132,0.059,0.124,0.112,0.079,0.143,0.085,0.092,0.127,0.088,0.119,0.088,0.107,0.094,0.077,0.212,0.113,0.093,0.094,0.186,0.101,0.065,0.099,0.079,0.049,0.123,0.042,0.094,0.092,0.032,0.138,0.044,0.069,0.11,0.038,0.092,0.087,0.081,0.08,0.097,0.106,0.07
,,,,,,,,,,,,,,,,,,,,,,,,,,,,,,,,,,,,,,,,,,,,,,,,,,,,
61026290856,A5808914,Consumption,27/11/2016,No,0.112,0.09,0.073,0.137,0.064,0.116,0.172,0.117,0.099,0.113,0.097,0.074,0.135,0.071,0.102,0.194,0.116,0.127,0.059,0.116,0.1,0.046,0.129,0.068,0.052,0.149,0.028,0.077,0.103,0.028,0.113,0.215,0.87,0.463,0.364,0.437,1.478,1.24,0.533,0.347,1.142,1.319,0.519,0.467,0.349,0.39,0.378,0.326
,,,,,,,,,,,,,,,,,,,,,,,,,,,,,,,,,,,,,,,,,,,,,,,,,,,,
61026290856,A5808914,Consumption,28/11/2016,No,0.4,0.32,0.369,0.37,0.34,0.467,0.428,0.344,0.445,0.362,0.34,0.387,0.312,0.401,0.402,0.685,0.45,0.399,0.576,1.159,1.55,1.275,1.19,0.675,0.355,0.132,0.124,0.034,0.135,0.098,0.734,0.51,0.66,0.144,0.347,0.174,0.631,0.116,0.863,0.359,0.224,0.333,0.368,0.244,0.32,0.289,0.597,0.452
,,,,,,,,,,,,,,,,,,,,,,,,,,,,,,,,,,,,,,,,,,,,,,,,,,,,
61026290856,A5808914,Consumption,29/11/2016,No,0.292,0.294,0.128,0.263,0.29,0.293,0.093,0.321,0.3,0.273,0.348,0.312,0.277,0.166,0.347,0.489,0.411,0.362,0.264,0.3,0.398,0.397,0.137,0.102,0.14,0.133,0.091,0.161,0.136,0.216,0.156,0.136,0.132,0.728,0.107,0.176,0.137,0.109,0.525,0.324,0.179,0.35,0.291,0.401,0.399,0.48,0.427,0.321
,,,,,,,,,,,,,,,,,,,,,,,,,,,,,,,,,,,,,,,,,,,,,,,,,,,,
61026290856,A5808914,Consumption,30/11/2016,No,0.375,0.703,0.57,0.587,0.559,0.538,0.465,0.364,0.347,0.353,0.26,0.28,0.18,0.254,0.351,1.206,1.313,0.948,0.292,1.316,0.611,0.889,0.362,0.592,0.389,1.04,1.636,0.638,0.483,0.478,0.515,0.747,0.587,0.476,0.184,0.397,0.816,0.367,0.255,0.181,0.228,0.171,0.154,0.167,0.405,0.355,0.317,0.385
,,,,,,,,,,,,,,,,,,,,,,,,,,,,,,,,,,,,,,,,,,,,,,,,,,,,
61026290856,A5808914,Consumption,01/12/2016,No,0.348,0.359,0.349,0.345,0.343,0.321,0.435,0.395,0.319,0.309,0.297,0.307,0.293,0.471,0.402,0.72,0.503,0.405,0.342,0.406,0.32,0.407,1.112,0.385,0.139,0.047,0.187,0.111,0.041,0.155,0.073,0.081,0.151,0.05,0.108,0.179,0.308,0.273,0.197,0.489,0.439,0.309,0.371,0.303,0.367,0.589,0.299,0.377
,,,,,,,,,,,,,,,,,,,,,,,,,,,,,,,,,,,,,,,,,,,,,,,,,,,,
61026290856,A5808914,Consumption,02/12/2016,No,0.268,0.319,0.26,0.265,0.331,0.325,0.339,0.298,0.336,0.289,0.198,0.289,0.253,0.316,0.51,0.562,0.432,0.374,0.469,0.399,0.362,0.293,0.4,0.348,0.663,0.7,0.652,0.718,1.518,1.32,1.119,0.719,0.692,0.653,0.253,0.79,0.318,0.886,0.798,0.467,0.365,0.574,0.309,0.619,0.23,0.525,0.336,0.422
,,,,,,,,,,,,,,,,,,,,,,,,,,,,,,,,,,,,,,,,,,,,,,,,,,,,
61026290856,A5808914,Consumption,03/12/2016,No,0.455,0.28,0.448,0.453,0.286,0.45,0.462,0.295,0.423,0.461,0.448,0.271,0.423,0.459,0.445,0.288,0.489,0.47,0.402,0.333,0.435,0.458,0.364,0.494,0.455,0.332,0.412,0.422,0.591,0.27,0.504,0.422,0.272,0.496,0.45,0.275,0.473,0.451,0.271,0.469,0.432,0.282,0.464,0.277,0.481,0.432,0.363,0.609
,,,,,,,,,,,,,,,,,,,,,,,,,,,,,,,,,,,,,,,,,,,,,,,,,,,,
61026290856,A5808914,Consumption,04/12/2016,No,0.268,0.414,0.208,0.443,0.18,0.438,0.231,0.451,0.399,0.327,0.4,0.481,0.416,0.454,0.553,0.517,0.494,0.572,0.354,0.344,0.421,0.414,0.519,0.905,0.832,1.451,0.754,0.348,0.404,1.01,1.041,0.339,0.403,0.578,1.178,0.468,1.496,0.944,0.357,0.287,0.443,0.516,0.747,0.537,0.296,0.339,0.369,0.384
,,,,,,,,,,,,,,,,,,,,,,,,,,,,,,,,,,,,,,,,,,,,,,,,,,,,
61026290856,A5808914,Consumption,05/12/2016,No,0.365,0.28,0.446,0.475,0.306,0.259,0.327,0.314,0.358,0.554,0.357,0.319,0.572,0.408,0.54,0.369,0.386,0.282,1.024,0.991,1.225,0.868,1.036,0.834,0.135,0.093,0.084,0.072,0.113,0.166,1.196,1.064,0.611,0.33,0.723,0.902,0.67,0.162,0.115,0.39,0.15,0.143,0.396,0.235,0.159,0.373,0.119,0.135
,,,,,,,,,,,,,,,,,,,,,,,,,,,,,,,,,,,,,,,,,,,,,,,,,,,,
61026290856,A5808914,Consumption,06/12/2016,No,0.322,0.082,0.273,0.159,0.141,0.232,0.339,0.3,0.153,0.384,0.3,0.061,0.377,0.267,0.081,0.693,0.336,0.288,0.11,0.323,0.317,0.28,0.411,0.108,0.126,0.187,0.145,0.125,0.217,0.166,1.058,0.868,0.291,0.177,0.4,0.206,0.384,0.155,1.226,0.707,0.22,0.445,0.36,0.401,0.599,0.473,0.795,0.594
,,,,,,,,,,,,,,,,,,,,,,,,,,,,,,,,,,,,,,,,,,,,,,,,,,,,
61026290856,A5808914,Consumption,07/12/2016,No,0.574,0.529,0.603,0.579,0.482,0.354,0.356,0.413,0.336,0.397,0.319,0.307,0.365,0.343,0.339,0.51,0.617,0.395,0.502,0.376,0.414,0.306,0.308,0.417,0.306,0.313,0.405,0.34,0.286,0.342,0.117,0.123,0.366,0.171,0.459,0.092,0.222,0.145,1.095,1.032,1.462,0.484,0.493,0.568,0.644,0.359,0.639,0.502
,,,,,,,,,,,,,,,,,,,,,,,,,,,,,,,,,,,,,,,,,,,,,,,,,,,,
61026290856,A5808914,Consumption,08/12/2016,No,0.308,0.498,0.499,0.314,0.492,0.463,0.506,0.324,0.484,0.526,0.4,0.421,0.501,0.377,0.357,0.674,1.094,0.644,0.241,0.403,0.392,0.464,0.346,0.532,1.067,0.99,1.756,1.761,1.198,0.24,0.42,0.458,0.156,0.356,0.314,0.155,0.344,0.302,0.175,0.383,0.362,0.198,0.493,0.407,0.228,0.372,0.328,0.332
,,,,,,,,,,,,,,,,,,,,,,,,,,,,,,,,,,,,,,,,,,,,,,,,,,,,
61026290856,A5808914,Consumption,09/12/2016,No,0.262,0.396,0.354,0.291,0.22,0.317,0.353,0.344,0.373,0.21,0.311,0.326,0.383,0.355,0.433,0.385,0.404,0.491,0.346,0.289,0.314,0.276,0.331,0.294,0.373,0.396,0.342,0.32,0.34,0.26,0.358,0.228,0.238,0.239,0.3,0.863,0.539,0.949,0.515,0.51,0.51,0.508,0.528,0.485,0.604,0.566,0.572,0.462
,,,,,,,,,,,,,,,,,,,,,,,,,,,,,,,,,,,,,,,,,,,,,,,,,,,,
61026290856,A5808914,Consumption,10/12/2016,No,0.578,0.38,0.399,0.524,0.506,0.54,0.589,0.526,0.432,0.423,0.392,0.519,0.507,0.517,0.479,0.472,0.32,0.515,0.493,0.514,0.479,0.494,0.422,0.525,0.293,0.431,0.51,0.473,0.483,0.53,0.431,0.483,0.505,0.463,0.587,0.453,0.438,0.426,0.515,0.45,0.633,0.513,0.52,0.68,0.627,0.372,0.434,0.42
,,,,,,,,,,,,,,,,,,,,,,,,,,,,,,,,,,,,,,,,,,,,,,,,,,,,
61026290856,A5808914,Consumption,11/12/2016,No,0.409,0.41,0.483,0.427,0.493,0.437,0.457,0.486,0.435,0.459,0.477,0.435,0.452,0.469,0.43,0.539,0.375,0.566,0.959,0.55,0.195,0.224,0.181,0.196,0.201,0.19,0.218,0.209,0.194,0.142,0.239,0.151,0.189,0.189,0.121,0.142,0.07,0.212,0.22,0.849,1.275,0.501,0.287,0.389,0.425,0.447,0.306,0.269
,,,,,,,,,,,,,,,,,,,,,,,,,,,,,,,,,,,,,,,,,,,,,,,,,,,,
61026290856,A5808914,Consumption,12/12/2016,No,0.305,0.371,0.39,0.455,0.726,0.566,0.47,0.51,0.423,0.322,0.359,0.233,0.212,0.339,0.36,0.286,0.463,0.292,0.229,0.388,0.718,1.275,1.323,0.993,0.337,0.246,0.319,0.336,0.492,0.862,0.659,0.419,0.075,0.109,0.173,0.593,0.478,0.387,0.344,0.147,0.128,0.197,0.199,0.257,0.563,0.562,0.442,0.207
,,,,,,,,,,,,,,,,,,,,,,,,,,,,,,,,,,,,,,,,,,,,,,,,,,,,
61026290856,A5808914,Consumption,13/12/2016,No,0.143,0.158,0.124,0.253,0.43,0.322,0.334,0.27,0.352,0.217,0.298,0.258,0.234,0.157,0.119,0.46,0.219,0.179,0.09,0.176,0.254,0.128,0.128,0.142,0.122,0.143,0.219,0.158,0.209,0.236,0.769,0.957,0.887,1.116,0.857,1.29,1.097,0.854,0.335,0.219,0.198,1.215,0.937,1.178,1.061,0.958,0.858,0.734
,,,,,,,,,,,,,,,,,,,,,,,,,,,,,,,,,,,,,,,,,,,,,,,,,,,,
61026290856,A5808914,Consumption,14/12/2016,No,0.425,0.42,0.325,0.179,0.155,0.208,0.162,0.17,0.304,0.571,0.304,0.134,0.142,0.133,0.16,0.257,0.079,0.217,0.116,0.145,0.126,0.14,0.066,0.084,0.187,0.077,0.083,0.11,0.068,0.09,0.446,0.717,0.85,0.489,0.144,0.177,0.131,0.169,0.142,0.18,0.382,0.413,0.164,0.385,0.393,0.247,0.34,0.424
,,,,,,,,,,,,,,,,,,,,,,,,,,,,,,,,,,,,,,,,,,,,,,,,,,,,
61026290856,A5808914,Consumption,15/12/2016,No,0.374,0.342,0.183,0.315,0.432,0.334,0.147,0.343,0.373,0.333,0.378,0.296,0.411,0.277,0.273,0.356,0.491,0.482,0.421,0.333,0.392,0.357,0.215,0.4,0.205,0.19,0.13,0.15,0.188,0.197,0.201,0.132,0.141,0.124,0.153,0.105,0.157,0.184,0.407,0.456,0.271,0.296,0.328,0.411,0.443,0.419,0.291,0.25
,,,,,,,,,,,,,,,,,,,,,,,,,,,,,,,,,,,,,,,,,,,,,,,,,,,,
61026290856,A5808914,Consumption,16/12/2016,No,0.323,0.336,0.344,0.345,0.251,0.245,0.303,0.387,0.302,0.367,0.324,0.341,0.291,0.229,0.297,0.373,0.476,0.45,1.446,1.347,1.252,0.585,0.166,0.116,0.135,0.785,0.674,0.549,0.448,0.119,0.086,0.473,0.832,0.237,0.126,1.029,0.416,0.151,0.709,0.408,0.588,0.668,0.645,0.357,0.523,0.516,0.412,0.45
,,,,,,,,,,,,,,,,,,,,,,,,,,,,,,,,,,,,,,,,,,,,,,,,,,,,
61026290856,A5808914,Consumption,17/12/2016,No,0.472,0.546,0.325,0.432,0.532,0.424,0.464,0.34,0.481,0.49,0.253,0.535,0.382,0.358,0.485,0.429,0.413,0.583,0.54,0.523,0.419,0.504,0.294,0.46,0.481,0.468,0.292,0.465,0.489,0.374,0.344,0.507,0.413,0.339,0.415,0.466,0.475,0.333,0.546,0.441,0.319,0.446,0.479,0.286,0.552,0.507,0.347,0.414
,,,,,,,,,,,,,,,,,,,,,,,,,,,,,,,,,,,,,,,,,,,,,,,,,,,,
61026290856,A5808914,Consumption,18/12/2016,No,0.743,0.308,0.53,0.465,0.385,0.29,0.393,0.47,0.399,0.414,0.248,0.401,0.478,0.374,0.297,0.392,0.468,0.49,0.482,0.916,0.289,0.411,0.824,1.423,0.942,0.658,1.54,1.345,0.672,1.354,0.919,0.707,1.001,0.81,1.044,0.899,1.022,0.591,0.506,0.404,0.739,0.439,0.275,0.361,0.473,0.431,0.301,0.496
,,,,,,,,,,,,,,,,,,,,,,,,,,,,,,,,,,,,,,,,,,,,,,,,,,,,
61026290856,A5808914,Consumption,19/12/2016,No,0.563,0.573,0.508,0.366,0.465,0.382,0.468,0.419,0.319,0.31,0.425,0.42,0.397,0.451,0.331,0.313,0.539,0.379,0.455,0.724,0.416,1.112,1.048,0.306,0.242,0.158,0.122,0.123,0.206,0.162,0.196,0.143,0.171,0.094,0.178,0.225,0.467,0.974,0.534,0.203,0.38,0.422,0.428,0.575,0.378,0.318,0.111,0.531
,,,,,,,,,,,,,,,,,,,,,,,,,,,,,,,,,,,,,,,,,,,,,,,,,,,,
61026290856,A5808914,Consumption,20/12/2016,No,0.35,0.295,0.616,0.427,0.218,0.244,0.284,0.099,0.207,0.285,0.139,0.123,0.351,0.085,0.184,0.317,0.292,0.55,0.728,0.951,0.464,0.08,0.276,0.131,0.325,0.768,0.198,0.328,0.127,0.134,0.171,0.301,0.099,0.157,1.107,0.354,0.505,0.173,0.152,0.511,0.431,0.276,0.253,0.412,0.644,0.799,0.544,0.631
,,,,,,,,,,,,,,,,,,,,,,,,,,,,,,,,,,,,,,,,,,,,,,,,,,,,
61026290856,A5808914,Consumption,21/12/2016,No,0.453,0.526,0.356,0.395,0.512,0.245,0.497,0.234,0.41,0.362,0.24,0.293,0.116,0.276,0.131,0.324,0.447,0.79,0.353,0.384,0.104,0.32,0.393,0.102,0.381,0.391,0.163,0.28,0.329,0.206,0.303,1.173,0.876,1.08,0.716,0.801,0.631,0.167,0.448,0.184,0.35,0.174,0.322,0.145,0.375,0.177,0.413,0.327
,,,,,,,,,,,,,,,,,,,,,,,,,,,,,,,,,,,,,,,,,,,,,,,,,,,,
61026290856,A5808914,Consumption,22/12/2016,No,0.317,0.326,0.187,0.337,0.175,0.346,0.298,0.187,0.324,0.314,0.191,0.298,0.397,0.132,0.326,0.309,0.189,0.507,0.482,0.434,0.374,0.909,1.015,1.527,1.6,0.789,0.438,0.208,0.529,0.232,0.391,0.255,0.446,0.332,0.141,0.395,0.114,0.333,0.309,0.237,0.31,0.183,0.362,0.112,0.355,0.377,0.64,0.462
,,,,,,,,,,,,,,,,,,,,,,,,,,,,,,,,,,,,,,,,,,,,,,,,,,,,
61026290856,A5808914,Consumption,23/12/2016,No,0.504,0.619,0.534,0.583,0.412,0.681,0.39,0.489,0.347,0.139,0.282,0.189,0.274,0.148,0.332,0.311,0.179,0.416,0.626,0.782,0.703,0.236,0.377,0.152,0.344,0.193,0.715,0.562,0.542,0.324,0.186,0.892,0.809,1.866,1.443,0.919,0.805,0.594,0.386,0.797,2.202,0.957,0.487,0.42,0.376,0.758,0.543,0.559
,,,,,,,,,,,,,,,,,,,,,,,,,,,,,,,,,,,,,,,,,,,,,,,,,,,,
61026290856,A5808914,Consumption,24/12/2016,No,0.649,0.679,0.576,0.63,0.601,0.583,0.566,0.571,0.502,0.269,0.312,0.337,0.281,0.296,0.31,0.346,0.257,0.337,0.323,0.335,0.376,0.336,0.358,0.276,0.348,0.362,0.337,1.421,0.569,1.144,2.14,1.709,1.612,1.593,1.565,1.547,1.471,1.366,1.131,1.036,0.957,0.856,0.845,0.579,0.307,0.418,0.306,0.602
,,,,,,,,,,,,,,,,,,,,,,,,,,,,,,,,,,,,,,,,,,,,,,,,,,,,
61026290856,A5808914,Consumption,25/12/2016,No,0.471,0.567,0.533,0.534,0.525,0.434,0.503,0.46,0.54,0.393,0.597,0.463,0.518,0.439,0.542,0.347,0.24,0.321,0.248,0.307,0.262,0.285,0.304,0.597,0.855,0.893,1.182,0.157,0.155,0.154,0.154,0.153,0.529,2.257,2.153,1.529,0.163,0.132,2.166,2.482,2.003,1.363,1.415,1.407,1.268,1.093,1.067,0.955
,,,,,,,,,,,,,,,,,,,,,,,,,,,,,,,,,,,,,,,,,,,,,,,,,,,,
61026290856,A5808914,Consumption,26/12/2016,No,1.044,0.999,0.947,0.982,0.747,0.801,0.884,0.823,0.92,0.893,0.412,0.436,0.177,0.144,0.173,0.145,0.17,0.359,0.245,0.295,0.387,0.442,0.349,0.968,0.979,1.098,0.589,0.269,0.167,0.261,0.313,0.218,0.702,0.534,0.111,0.036,0.138,0.073,0.17,0.367,1.147,0.547,0.559,0.982,0.782,0.5,0.488,0.43
,,,,,,,,,,,,,,,,,,,,,,,,,,,,,,,,,,,,,,,,,,,,,,,,,,,,
61026290856,A5808914,Consumption,27/12/2016,No,0.377,0.213,0.147,0.534,0.563,0.421,0.379,0.439,0.345,0.305,0.337,0.315,0.301,0.322,0.335,0.231,0.179,0.224,0.208,0.136,0.174,0.15,0.178,0.158,0.151,0.107,0.298,0.228,0.225,0.736,0.97,0.561,0.26,0.254,0.123,0.115,0.092,0.057,0.171,0.434,1.298,0.637,0.232,0.196,0.284,0.209,0.216,0.207
,,,,,,,,,,,,,,,,,,,,,,,,,,,,,,,,,,,,,,,,,,,,,,,,,,,,
61026290856,A5808914,Consumption,28/12/2016,No,1.086,1.335,0.511,0.191,0.133,0.138,0.134,0.301,0.418,0.342,0.369,0.382,0.466,0.413,0.39,0.232,0.236,0.271,0.346,1.249,0.697,0.741,0.466,1.252,0.799,0.483,0.539,0.534,0.277,1.157,0.876,0.243,0.229,0.223,0.497,2.693,2.285,2.176,2.22,2.645,1.831,1.526,1.497,1.469,1.373,1.19,1.087,0.976
,,,,,,,,,,,,,,,,,,,,,,,,,,,,,,,,,,,,,,,,,,,,,,,,,,,,
61026290856,A5808914,Consumption,29/12/2016,No,0.969,0.953,0.854,0.811,0.876,0.766,0.945,0.828,0.822,0.454,0.123,0.113,0.124,0.127,0.397,0.529,0.376,0.242,0.34,1.371,1.899,1.602,1.401,1.34,1.443,1.443,0.098,0.134,0.959,1.825,0.917,1.031,2.363,1.908,1.337,0.825,1.486,1.181,0.939,0.858,1.04,0.638,0.805,0.488,0.532,1.358,1.953,0.877
,,,,,,,,,,,,,,,,,,,,,,,,,,,,,,,,,,,,,,,,,,,,,,,,,,,,
61026290856,A5808914,Consumption,30/12/2016,No,0.378,0.359,0.247,0.155,0.117,0.082,0.166,0.157,0.528,0.435,0.284,0.313,0.366,0.155,0.148,0.264,0.856,0.467,0.42,0.133,0.201,0.181,0.151,0.179,0.176,1.079,2.396,1.497,1.267,1.259,1.284,1.011,0.983,0.958,0.793,0.23,0.203,1.26,1.757,1.504,1.733,1.505,1.138,0.642,0.697,0.707,0.64,0.616
,,,,,,,,,,,,,,,,,,,,,,,,,,,,,,,,,,,,,,,,,,,,,,,,,,,,
61026290856,A5808914,Consumption,31/12/2016,No,0.713,0.715,0.651,0.666,0.683,0.629,0.722,0.746,0.568,0.42,0.462,0.383,0.399,0.48,0.414,0.399,0.469,0.388,0.397,0.453,0.417,0.476,0.473,0.626,1.234,0.991,0.877,1.526,1.128,1.453,1.175,1.335,1.274,1.163,1.079,0.945,0.646,0.427,0.446,0.331,0.426,0.4,0.317,0.386,0.509,0.396,0.353,0.388
,,,,,,,,,,,,,,,,,,,,,,,,,,,,,,,,,,,,,,,,,,,,,,,,,,,,
61026290856,A5808914,Consumption,01/01/2017,No,0.376,0.318,0.669,0.789,0.905,0.219,0.422,0.595,0.55,0.505,0.54,0.494,0.474,0.565,0.444,0.539,0.42,0.203,0.444,0.235,0.148,0.164,0.149,0.227,0.199,0.154,0.189,0.121,0.846,1.271,0.208,1.388,1.051,0.46,0.247,0.202,0.698,0.573,0.24,0.223,0.825,0.96,0.775,1.091,0.978,0.202,0.151,0.199
,,,,,,,,,,,,,,,,,,,,,,,,,,,,,,,,,,,,,,,,,,,,,,,,,,,,
61026290856,A5808914,Consumption,02/01/2017,No,0.143,0.119,0.145,0.143,0.192,0.256,0.312,0.299,0.413,0.21,0.188,0.388,0.317,0.314,0.193,0.291,0.296,0.161,0.228,0.264,0.276,0.197,0.669,1.106,0.832,0.374,0.458,0.338,0.463,0.309,0.339,1.002,0.343,0.133,0.179,0.955,0.545,0.235,0.475,0.33,0.389,0.481,1.332,1.052,0.442,0.394,0.433,0.37
,,,,,,,,,,,,,,,,,,,,,,,,,,,,,,,,,,,,,,,,,,,,,,,,,,,,
61026290856,A5808914,Consumption,03/01/2017,No,0.356,0.392,0.426,0.444,0.377,0.352,0.373,0.391,0.31,0.289,0.319,0.311,0.311,0.428,0.375,0.399,0.403,0.523,0.413,0.434,0.352,0.371,0.414,0.347,0.346,0.969,1.201,0.372,0.308,0.195,0.151,0.104,0.12,0.103,0.034,0.139,0.1,0.045,0.099,0.092,0.082,0.049,0.115,0.072,0.034,0.137,0.052,0.122